point,lat,lon,duration,ari_years,depth_in,depth_mm
tahoe_city,39.1678,-120.1416,5-min,1,0.149,3.78
tahoe_city,39.1678,-120.1416,5-min,2,0.191,4.85
tahoe_city,39.1678,-120.1416,5-min,5,0.252,6.4
tahoe_city,39.1678,-120.1416,5-min,10,0.305,7.75
tahoe_city,39.1678,-120.1416,5-min,25,0.384,9.75
tahoe_city,39.1678,-120.1416,5-min,50,0.451,11.46
tahoe_city,39.1678,-120.1416,5-min,100,0.525,13.33
tahoe_city,39.1678,-120.1416,5-min,200,0.608,15.44
tahoe_city,39.1678,-120.1416,5-min,500,0.733,18.62
tahoe_city,39.1678,-120.1416,5-min,1000,0.841,21.36
tahoe_city,39.1678,-120.1416,10-min,1,0.213,5.41
tahoe_city,39.1678,-120.1416,10-min,2,0.274,6.96
tahoe_city,39.1678,-120.1416,10-min,5,0.361,9.17
tahoe_city,39.1678,-120.1416,10-min,10,0.437,11.1
tahoe_city,39.1678,-120.1416,10-min,25,0.551,14.0
tahoe_city,39.1678,-120.1416,10-min,50,0.647,16.43
tahoe_city,39.1678,-120.1416,10-min,100,0.753,19.13
tahoe_city,39.1678,-120.1416,10-min,200,0.871,22.12
tahoe_city,39.1678,-120.1416,10-min,500,1.05,26.67
tahoe_city,39.1678,-120.1416,10-min,1000,1.2,30.48
tahoe_city,39.1678,-120.1416,15-min,1,0.257,6.53
tahoe_city,39.1678,-120.1416,15-min,2,0.331,8.41
tahoe_city,39.1678,-120.1416,15-min,5,0.437,11.1
tahoe_city,39.1678,-120.1416,15-min,10,0.529,13.44
tahoe_city,39.1678,-120.1416,15-min,25,0.666,16.92
tahoe_city,39.1678,-120.1416,15-min,50,0.782,19.86
tahoe_city,39.1678,-120.1416,15-min,100,0.91,23.11
tahoe_city,39.1678,-120.1416,15-min,200,1.05,26.67
tahoe_city,39.1678,-120.1416,15-min,500,1.27,32.26
tahoe_city,39.1678,-120.1416,15-min,1000,1.46,37.08
tahoe_city,39.1678,-120.1416,30-min,1,0.324,8.23
tahoe_city,39.1678,-120.1416,30-min,2,0.417,10.59
tahoe_city,39.1678,-120.1416,30-min,5,0.55,13.97
tahoe_city,39.1678,-120.1416,30-min,10,0.666,16.92
tahoe_city,39.1678,-120.1416,30-min,25,0.839,21.31
tahoe_city,39.1678,-120.1416,30-min,50,0.985,25.02
tahoe_city,39.1678,-120.1416,30-min,100,1.15,29.21
tahoe_city,39.1678,-120.1416,30-min,200,1.33,33.78
tahoe_city,39.1678,-120.1416,30-min,500,1.6,40.64
tahoe_city,39.1678,-120.1416,30-min,1000,1.84,46.74
tahoe_city,39.1678,-120.1416,60-min,1,0.438,11.13
tahoe_city,39.1678,-120.1416,60-min,2,0.563,14.3
tahoe_city,39.1678,-120.1416,60-min,5,0.742,18.85
tahoe_city,39.1678,-120.1416,60-min,10,0.899,22.83
tahoe_city,39.1678,-120.1416,60-min,25,1.13,28.7
tahoe_city,39.1678,-120.1416,60-min,50,1.33,33.78
tahoe_city,39.1678,-120.1416,60-min,100,1.55,39.37
tahoe_city,39.1678,-120.1416,60-min,200,1.79,45.47
tahoe_city,39.1678,-120.1416,60-min,500,2.16,54.86
tahoe_city,39.1678,-120.1416,60-min,1000,2.48,62.99
tahoe_city,39.1678,-120.1416,2-hr,1,0.603,15.32
tahoe_city,39.1678,-120.1416,2-hr,2,0.769,19.53
tahoe_city,39.1678,-120.1416,2-hr,5,1.01,25.65
tahoe_city,39.1678,-120.1416,2-hr,10,1.22,30.99
tahoe_city,39.1678,-120.1416,2-hr,25,1.53,38.86
tahoe_city,39.1678,-120.1416,2-hr,50,1.79,45.47
tahoe_city,39.1678,-120.1416,2-hr,100,2.08,52.83
tahoe_city,39.1678,-120.1416,2-hr,200,2.39,60.71
tahoe_city,39.1678,-120.1416,2-hr,500,2.86,72.64
tahoe_city,39.1678,-120.1416,2-hr,1000,3.26,82.8
tahoe_city,39.1678,-120.1416,3-hr,1,0.75,19.05
tahoe_city,39.1678,-120.1416,3-hr,2,0.95,24.13
tahoe_city,39.1678,-120.1416,3-hr,5,1.24,31.5
tahoe_city,39.1678,-120.1416,3-hr,10,1.49,37.85
tahoe_city,39.1678,-120.1416,3-hr,25,1.86,47.24
tahoe_city,39.1678,-120.1416,3-hr,50,2.18,55.37
tahoe_city,39.1678,-120.1416,3-hr,100,2.52,64.01
tahoe_city,39.1678,-120.1416,3-hr,200,2.9,73.66
tahoe_city,39.1678,-120.1416,3-hr,500,3.46,87.88
tahoe_city,39.1678,-120.1416,3-hr,1000,3.92,99.57
tahoe_city,39.1678,-120.1416,6-hr,1,1.13,28.7
tahoe_city,39.1678,-120.1416,6-hr,2,1.41,35.81
tahoe_city,39.1678,-120.1416,6-hr,5,1.81,45.97
tahoe_city,39.1678,-120.1416,6-hr,10,2.17,55.12
tahoe_city,39.1678,-120.1416,6-hr,25,2.68,68.07
tahoe_city,39.1678,-120.1416,6-hr,50,3.11,78.99
tahoe_city,39.1678,-120.1416,6-hr,100,3.58,90.93
tahoe_city,39.1678,-120.1416,6-hr,200,4.09,103.89
tahoe_city,39.1678,-120.1416,6-hr,500,4.83,122.68
tahoe_city,39.1678,-120.1416,6-hr,1000,5.46,138.68
tahoe_city,39.1678,-120.1416,12-hr,1,1.7,43.18
tahoe_city,39.1678,-120.1416,12-hr,2,2.11,53.59
tahoe_city,39.1678,-120.1416,12-hr,5,2.69,68.33
tahoe_city,39.1678,-120.1416,12-hr,10,3.18,80.77
tahoe_city,39.1678,-120.1416,12-hr,25,3.89,98.81
tahoe_city,39.1678,-120.1416,12-hr,50,4.47,113.54
tahoe_city,39.1678,-120.1416,12-hr,100,5.08,129.03
tahoe_city,39.1678,-120.1416,12-hr,200,5.74,145.8
tahoe_city,39.1678,-120.1416,12-hr,500,6.69,169.93
tahoe_city,39.1678,-120.1416,12-hr,1000,7.46,189.48
tahoe_city,39.1678,-120.1416,24-hr,1,2.53,64.26
tahoe_city,39.1678,-120.1416,24-hr,2,3.17,80.52
tahoe_city,39.1678,-120.1416,24-hr,5,4.02,102.11
tahoe_city,39.1678,-120.1416,24-hr,10,4.74,120.4
tahoe_city,39.1678,-120.1416,24-hr,25,5.74,145.8
tahoe_city,39.1678,-120.1416,24-hr,50,6.53,165.86
tahoe_city,39.1678,-120.1416,24-hr,100,7.37,187.2
tahoe_city,39.1678,-120.1416,24-hr,200,8.25,209.55
tahoe_city,39.1678,-120.1416,24-hr,500,9.49,241.05
tahoe_city,39.1678,-120.1416,24-hr,1000,10.5,266.7
tahoe_city,39.1678,-120.1416,2-day,1,3.55,90.17
tahoe_city,39.1678,-120.1416,2-day,2,4.49,114.05
tahoe_city,39.1678,-120.1416,2-day,5,5.76,146.3
tahoe_city,39.1678,-120.1416,2-day,10,6.8,172.72
tahoe_city,39.1678,-120.1416,2-day,25,8.26,209.8
tahoe_city,39.1678,-120.1416,2-day,50,9.4,238.76
tahoe_city,39.1678,-120.1416,2-day,100,10.6,269.24
tahoe_city,39.1678,-120.1416,2-day,200,11.8,299.72
tahoe_city,39.1678,-120.1416,2-day,500,13.6,345.44
tahoe_city,39.1678,-120.1416,2-day,1000,15.0,381.0
tahoe_city,39.1678,-120.1416,3-day,1,4.23,107.44
tahoe_city,39.1678,-120.1416,3-day,2,5.4,137.16
tahoe_city,39.1678,-120.1416,3-day,5,6.97,177.04
tahoe_city,39.1678,-120.1416,3-day,10,8.28,210.31
tahoe_city,39.1678,-120.1416,3-day,25,10.1,256.54
tahoe_city,39.1678,-120.1416,3-day,50,11.5,292.1
tahoe_city,39.1678,-120.1416,3-day,100,13.0,330.2
tahoe_city,39.1678,-120.1416,3-day,200,14.5,368.3
tahoe_city,39.1678,-120.1416,3-day,500,16.7,424.18
tahoe_city,39.1678,-120.1416,3-day,1000,18.4,467.36
tahoe_city,39.1678,-120.1416,4-day,1,4.64,117.86
tahoe_city,39.1678,-120.1416,4-day,2,5.98,151.89
tahoe_city,39.1678,-120.1416,4-day,5,7.76,197.1
tahoe_city,39.1678,-120.1416,4-day,10,9.23,234.44
tahoe_city,39.1678,-120.1416,4-day,25,11.3,287.02
tahoe_city,39.1678,-120.1416,4-day,50,12.9,327.66
tahoe_city,39.1678,-120.1416,4-day,100,14.5,368.3
tahoe_city,39.1678,-120.1416,4-day,200,16.2,411.48
tahoe_city,39.1678,-120.1416,4-day,500,18.6,472.44
tahoe_city,39.1678,-120.1416,4-day,1000,20.5,520.7
tahoe_city,39.1678,-120.1416,7-day,1,5.56,141.22
tahoe_city,39.1678,-120.1416,7-day,2,7.25,184.15
tahoe_city,39.1678,-120.1416,7-day,5,9.5,241.3
tahoe_city,39.1678,-120.1416,7-day,10,11.4,289.56
tahoe_city,39.1678,-120.1416,7-day,25,13.9,353.06
tahoe_city,39.1678,-120.1416,7-day,50,15.9,403.86
tahoe_city,39.1678,-120.1416,7-day,100,17.9,454.66
tahoe_city,39.1678,-120.1416,7-day,200,20.0,508.0
tahoe_city,39.1678,-120.1416,7-day,500,22.9,581.66
tahoe_city,39.1678,-120.1416,7-day,1000,25.1,637.54
tahoe_city,39.1678,-120.1416,10-day,1,6.25,158.75
tahoe_city,39.1678,-120.1416,10-day,2,8.22,208.79
tahoe_city,39.1678,-120.1416,10-day,5,10.8,274.32
tahoe_city,39.1678,-120.1416,10-day,10,13.0,330.2
tahoe_city,39.1678,-120.1416,10-day,25,15.9,403.86
tahoe_city,39.1678,-120.1416,10-day,50,18.1,459.74
tahoe_city,39.1678,-120.1416,10-day,100,20.4,518.16
tahoe_city,39.1678,-120.1416,10-day,200,22.7,576.58
tahoe_city,39.1678,-120.1416,10-day,500,26.0,660.4
tahoe_city,39.1678,-120.1416,10-day,1000,28.4,721.36
tahoe_city,39.1678,-120.1416,20-day,1,8.26,209.8
tahoe_city,39.1678,-120.1416,20-day,2,10.9,276.86
tahoe_city,39.1678,-120.1416,20-day,5,14.4,365.76
tahoe_city,39.1678,-120.1416,20-day,10,17.3,439.42
tahoe_city,39.1678,-120.1416,20-day,25,21.0,533.4
tahoe_city,39.1678,-120.1416,20-day,50,23.9,607.06
tahoe_city,39.1678,-120.1416,20-day,100,26.8,680.72
tahoe_city,39.1678,-120.1416,20-day,200,29.8,756.92
tahoe_city,39.1678,-120.1416,20-day,500,33.7,855.98
tahoe_city,39.1678,-120.1416,20-day,1000,36.6,929.64
tahoe_city,39.1678,-120.1416,30-day,1,9.84,249.94
tahoe_city,39.1678,-120.1416,30-day,2,13.0,330.2
tahoe_city,39.1678,-120.1416,30-day,5,17.1,434.34
tahoe_city,39.1678,-120.1416,30-day,10,20.4,518.16
tahoe_city,39.1678,-120.1416,30-day,25,24.8,629.92
tahoe_city,39.1678,-120.1416,30-day,50,28.1,713.74
tahoe_city,39.1678,-120.1416,30-day,100,31.4,797.56
tahoe_city,39.1678,-120.1416,30-day,200,34.7,881.38
tahoe_city,39.1678,-120.1416,30-day,500,39.1,993.14
tahoe_city,39.1678,-120.1416,30-day,1000,42.3,1074.42
tahoe_city,39.1678,-120.1416,45-day,1,12.0,304.8
tahoe_city,39.1678,-120.1416,45-day,2,15.8,401.32
tahoe_city,39.1678,-120.1416,45-day,5,20.7,525.78
tahoe_city,39.1678,-120.1416,45-day,10,24.6,624.84
tahoe_city,39.1678,-120.1416,45-day,25,29.7,754.38
tahoe_city,39.1678,-120.1416,45-day,50,33.6,853.44
tahoe_city,39.1678,-120.1416,45-day,100,37.3,947.42
tahoe_city,39.1678,-120.1416,45-day,200,41.1,1043.94
tahoe_city,39.1678,-120.1416,45-day,500,46.0,1168.4
tahoe_city,39.1678,-120.1416,45-day,1000,49.6,1259.84
tahoe_city,39.1678,-120.1416,60-day,1,14.1,358.14
tahoe_city,39.1678,-120.1416,60-day,2,18.5,469.9
tahoe_city,39.1678,-120.1416,60-day,5,24.0,609.6
tahoe_city,39.1678,-120.1416,60-day,10,28.4,721.36
tahoe_city,39.1678,-120.1416,60-day,25,34.1,866.14
tahoe_city,39.1678,-120.1416,60-day,50,38.4,975.36
tahoe_city,39.1678,-120.1416,60-day,100,42.6,1082.04
tahoe_city,39.1678,-120.1416,60-day,200,46.7,1186.18
tahoe_city,39.1678,-120.1416,60-day,500,52.0,1320.8
tahoe_city,39.1678,-120.1416,60-day,1000,55.8,1417.32
south_lake_tahoe,38.9399,-119.9772,5-min,1,0.119,3.02
south_lake_tahoe,38.9399,-119.9772,5-min,2,0.147,3.73
south_lake_tahoe,38.9399,-119.9772,5-min,5,0.188,4.78
south_lake_tahoe,38.9399,-119.9772,5-min,10,0.226,5.74
south_lake_tahoe,38.9399,-119.9772,5-min,25,0.284,7.21
south_lake_tahoe,38.9399,-119.9772,5-min,50,0.334,8.48
south_lake_tahoe,38.9399,-119.9772,5-min,100,0.392,9.96
south_lake_tahoe,38.9399,-119.9772,5-min,200,0.458,11.63
south_lake_tahoe,38.9399,-119.9772,5-min,500,0.56,14.22
south_lake_tahoe,38.9399,-119.9772,5-min,1000,0.652,16.56
south_lake_tahoe,38.9399,-119.9772,10-min,1,0.17,4.32
south_lake_tahoe,38.9399,-119.9772,10-min,2,0.211,5.36
south_lake_tahoe,38.9399,-119.9772,10-min,5,0.27,6.86
south_lake_tahoe,38.9399,-119.9772,10-min,10,0.324,8.23
south_lake_tahoe,38.9399,-119.9772,10-min,25,0.407,10.34
south_lake_tahoe,38.9399,-119.9772,10-min,50,0.479,12.17
south_lake_tahoe,38.9399,-119.9772,10-min,100,0.562,14.27
south_lake_tahoe,38.9399,-119.9772,10-min,200,0.656,16.66
south_lake_tahoe,38.9399,-119.9772,10-min,500,0.803,20.4
south_lake_tahoe,38.9399,-119.9772,10-min,1000,0.934,23.72
south_lake_tahoe,38.9399,-119.9772,15-min,1,0.206,5.23
south_lake_tahoe,38.9399,-119.9772,15-min,2,0.255,6.48
south_lake_tahoe,38.9399,-119.9772,15-min,5,0.326,8.28
south_lake_tahoe,38.9399,-119.9772,15-min,10,0.392,9.96
south_lake_tahoe,38.9399,-119.9772,15-min,25,0.492,12.5
south_lake_tahoe,38.9399,-119.9772,15-min,50,0.58,14.73
south_lake_tahoe,38.9399,-119.9772,15-min,100,0.679,17.25
south_lake_tahoe,38.9399,-119.9772,15-min,200,0.794,20.17
south_lake_tahoe,38.9399,-119.9772,15-min,500,0.971,24.66
south_lake_tahoe,38.9399,-119.9772,15-min,1000,1.13,28.7
south_lake_tahoe,38.9399,-119.9772,30-min,1,0.274,6.96
south_lake_tahoe,38.9399,-119.9772,30-min,2,0.338,8.59
south_lake_tahoe,38.9399,-119.9772,30-min,5,0.434,11.02
south_lake_tahoe,38.9399,-119.9772,30-min,10,0.52,13.21
south_lake_tahoe,38.9399,-119.9772,30-min,25,0.654,16.61
south_lake_tahoe,38.9399,-119.9772,30-min,50,0.77,19.56
south_lake_tahoe,38.9399,-119.9772,30-min,100,0.902,22.91
south_lake_tahoe,38.9399,-119.9772,30-min,200,1.06,26.92
south_lake_tahoe,38.9399,-119.9772,30-min,500,1.29,32.77
south_lake_tahoe,38.9399,-119.9772,30-min,1000,1.5,38.1
south_lake_tahoe,38.9399,-119.9772,60-min,1,0.38,9.65
south_lake_tahoe,38.9399,-119.9772,60-min,2,0.469,11.91
south_lake_tahoe,38.9399,-119.9772,60-min,5,0.601,15.27
south_lake_tahoe,38.9399,-119.9772,60-min,10,0.721,18.31
south_lake_tahoe,38.9399,-119.9772,60-min,25,0.906,23.01
south_lake_tahoe,38.9399,-119.9772,60-min,50,1.07,27.18
south_lake_tahoe,38.9399,-119.9772,60-min,100,1.25,31.75
south_lake_tahoe,38.9399,-119.9772,60-min,200,1.46,37.08
south_lake_tahoe,38.9399,-119.9772,60-min,500,1.79,45.47
south_lake_tahoe,38.9399,-119.9772,60-min,1000,2.08,52.83
south_lake_tahoe,38.9399,-119.9772,2-hr,1,0.529,13.44
south_lake_tahoe,38.9399,-119.9772,2-hr,2,0.657,16.69
south_lake_tahoe,38.9399,-119.9772,2-hr,5,0.844,21.44
south_lake_tahoe,38.9399,-119.9772,2-hr,10,1.01,25.65
south_lake_tahoe,38.9399,-119.9772,2-hr,25,1.27,32.26
south_lake_tahoe,38.9399,-119.9772,2-hr,50,1.49,37.85
south_lake_tahoe,38.9399,-119.9772,2-hr,100,1.74,44.2
south_lake_tahoe,38.9399,-119.9772,2-hr,200,2.02,51.31
south_lake_tahoe,38.9399,-119.9772,2-hr,500,2.44,61.98
south_lake_tahoe,38.9399,-119.9772,2-hr,1000,2.81,71.37
south_lake_tahoe,38.9399,-119.9772,3-hr,1,0.648,16.46
south_lake_tahoe,38.9399,-119.9772,3-hr,2,0.804,20.42
south_lake_tahoe,38.9399,-119.9772,3-hr,5,1.03,26.16
south_lake_tahoe,38.9399,-119.9772,3-hr,10,1.23,31.24
south_lake_tahoe,38.9399,-119.9772,3-hr,25,1.54,39.12
south_lake_tahoe,38.9399,-119.9772,3-hr,50,1.8,45.72
south_lake_tahoe,38.9399,-119.9772,3-hr,100,2.09,53.09
south_lake_tahoe,38.9399,-119.9772,3-hr,200,2.42,61.47
south_lake_tahoe,38.9399,-119.9772,3-hr,500,2.92,74.17
south_lake_tahoe,38.9399,-119.9772,3-hr,1000,3.34,84.84
south_lake_tahoe,38.9399,-119.9772,6-hr,1,0.938,23.83
south_lake_tahoe,38.9399,-119.9772,6-hr,2,1.16,29.46
south_lake_tahoe,38.9399,-119.9772,6-hr,5,1.47,37.34
south_lake_tahoe,38.9399,-119.9772,6-hr,10,1.75,44.45
south_lake_tahoe,38.9399,-119.9772,6-hr,25,2.17,55.12
south_lake_tahoe,38.9399,-119.9772,6-hr,50,2.52,64.01
south_lake_tahoe,38.9399,-119.9772,6-hr,100,2.91,73.91
south_lake_tahoe,38.9399,-119.9772,6-hr,200,3.35,85.09
south_lake_tahoe,38.9399,-119.9772,6-hr,500,4.0,101.6
south_lake_tahoe,38.9399,-119.9772,6-hr,1000,4.56,115.82
south_lake_tahoe,38.9399,-119.9772,12-hr,1,1.35,34.29
south_lake_tahoe,38.9399,-119.9772,12-hr,2,1.67,42.42
south_lake_tahoe,38.9399,-119.9772,12-hr,5,2.12,53.85
south_lake_tahoe,38.9399,-119.9772,12-hr,10,2.51,63.75
south_lake_tahoe,38.9399,-119.9772,12-hr,25,3.1,78.74
south_lake_tahoe,38.9399,-119.9772,12-hr,50,3.59,91.19
south_lake_tahoe,38.9399,-119.9772,12-hr,100,4.14,105.16
south_lake_tahoe,38.9399,-119.9772,12-hr,200,4.74,120.4
south_lake_tahoe,38.9399,-119.9772,12-hr,500,5.63,143.0
south_lake_tahoe,38.9399,-119.9772,12-hr,1000,6.38,162.05
south_lake_tahoe,38.9399,-119.9772,24-hr,1,1.94,49.28
south_lake_tahoe,38.9399,-119.9772,24-hr,2,2.41,61.21
south_lake_tahoe,38.9399,-119.9772,24-hr,5,3.07,77.98
south_lake_tahoe,38.9399,-119.9772,24-hr,10,3.65,92.71
south_lake_tahoe,38.9399,-119.9772,24-hr,25,4.51,114.55
south_lake_tahoe,38.9399,-119.9772,24-hr,50,5.22,132.59
south_lake_tahoe,38.9399,-119.9772,24-hr,100,6.0,152.4
south_lake_tahoe,38.9399,-119.9772,24-hr,200,6.86,174.24
south_lake_tahoe,38.9399,-119.9772,24-hr,500,8.12,206.25
south_lake_tahoe,38.9399,-119.9772,24-hr,1000,9.18,233.17
south_lake_tahoe,38.9399,-119.9772,2-day,1,2.62,66.55
south_lake_tahoe,38.9399,-119.9772,2-day,2,3.31,84.07
south_lake_tahoe,38.9399,-119.9772,2-day,5,4.29,108.97
south_lake_tahoe,38.9399,-119.9772,2-day,10,5.14,130.56
south_lake_tahoe,38.9399,-119.9772,2-day,25,6.39,162.31
south_lake_tahoe,38.9399,-119.9772,2-day,50,7.43,188.72
south_lake_tahoe,38.9399,-119.9772,2-day,100,8.55,217.17
south_lake_tahoe,38.9399,-119.9772,2-day,200,9.78,248.41
south_lake_tahoe,38.9399,-119.9772,2-day,500,11.6,294.64
south_lake_tahoe,38.9399,-119.9772,2-day,1000,13.1,332.74
south_lake_tahoe,38.9399,-119.9772,3-day,1,3.03,76.96
south_lake_tahoe,38.9399,-119.9772,3-day,2,3.88,98.55
south_lake_tahoe,38.9399,-119.9772,3-day,5,5.09,129.29
south_lake_tahoe,38.9399,-119.9772,3-day,10,6.13,155.7
south_lake_tahoe,38.9399,-119.9772,3-day,25,7.65,194.31
south_lake_tahoe,38.9399,-119.9772,3-day,50,8.91,226.31
south_lake_tahoe,38.9399,-119.9772,3-day,100,10.3,261.62
south_lake_tahoe,38.9399,-119.9772,3-day,200,11.7,297.18
south_lake_tahoe,38.9399,-119.9772,3-day,500,13.9,353.06
south_lake_tahoe,38.9399,-119.9772,3-day,1000,15.7,398.78
south_lake_tahoe,38.9399,-119.9772,4-day,1,3.3,83.82
south_lake_tahoe,38.9399,-119.9772,4-day,2,4.27,108.46
south_lake_tahoe,38.9399,-119.9772,4-day,5,5.63,143.0
south_lake_tahoe,38.9399,-119.9772,4-day,10,6.8,172.72
south_lake_tahoe,38.9399,-119.9772,4-day,25,8.49,215.65
south_lake_tahoe,38.9399,-119.9772,4-day,50,9.87,250.7
south_lake_tahoe,38.9399,-119.9772,4-day,100,11.4,289.56
south_lake_tahoe,38.9399,-119.9772,4-day,200,13.0,330.2
south_lake_tahoe,38.9399,-119.9772,4-day,500,15.3,388.62
south_lake_tahoe,38.9399,-119.9772,4-day,1000,17.2,436.88
south_lake_tahoe,38.9399,-119.9772,7-day,1,3.8,96.52
south_lake_tahoe,38.9399,-119.9772,7-day,2,4.95,125.73
south_lake_tahoe,38.9399,-119.9772,7-day,5,6.54,166.12
south_lake_tahoe,38.9399,-119.9772,7-day,10,7.9,200.66
south_lake_tahoe,38.9399,-119.9772,7-day,25,9.83,249.68
south_lake_tahoe,38.9399,-119.9772,7-day,50,11.4,289.56
south_lake_tahoe,38.9399,-119.9772,7-day,100,13.0,330.2
south_lake_tahoe,38.9399,-119.9772,7-day,200,14.8,375.92
south_lake_tahoe,38.9399,-119.9772,7-day,500,17.3,439.42
south_lake_tahoe,38.9399,-119.9772,7-day,1000,19.3,490.22
south_lake_tahoe,38.9399,-119.9772,10-day,1,4.26,108.2
south_lake_tahoe,38.9399,-119.9772,10-day,2,5.57,141.48
south_lake_tahoe,38.9399,-119.9772,10-day,5,7.36,186.94
south_lake_tahoe,38.9399,-119.9772,10-day,10,8.88,225.55
south_lake_tahoe,38.9399,-119.9772,10-day,25,11.0,279.4
south_lake_tahoe,38.9399,-119.9772,10-day,50,12.7,322.58
south_lake_tahoe,38.9399,-119.9772,10-day,100,14.5,368.3
south_lake_tahoe,38.9399,-119.9772,10-day,200,16.4,416.56
south_lake_tahoe,38.9399,-119.9772,10-day,500,19.1,485.14
south_lake_tahoe,38.9399,-119.9772,10-day,1000,21.2,538.48
south_lake_tahoe,38.9399,-119.9772,20-day,1,5.62,142.75
south_lake_tahoe,38.9399,-119.9772,20-day,2,7.42,188.47
south_lake_tahoe,38.9399,-119.9772,20-day,5,9.85,250.19
south_lake_tahoe,38.9399,-119.9772,20-day,10,11.9,302.26
south_lake_tahoe,38.9399,-119.9772,20-day,25,14.7,373.38
south_lake_tahoe,38.9399,-119.9772,20-day,50,16.9,429.26
south_lake_tahoe,38.9399,-119.9772,20-day,100,19.1,485.14
south_lake_tahoe,38.9399,-119.9772,20-day,200,21.5,546.1
south_lake_tahoe,38.9399,-119.9772,20-day,500,24.7,627.38
south_lake_tahoe,38.9399,-119.9772,20-day,1000,27.2,690.88
south_lake_tahoe,38.9399,-119.9772,30-day,1,6.84,173.74
south_lake_tahoe,38.9399,-119.9772,30-day,2,9.05,229.87
south_lake_tahoe,38.9399,-119.9772,30-day,5,12.0,304.8
south_lake_tahoe,38.9399,-119.9772,30-day,10,14.5,368.3
south_lake_tahoe,38.9399,-119.9772,30-day,25,17.8,452.12
south_lake_tahoe,38.9399,-119.9772,30-day,50,20.4,518.16
south_lake_tahoe,38.9399,-119.9772,30-day,100,23.1,586.74
south_lake_tahoe,38.9399,-119.9772,30-day,200,25.8,655.32
south_lake_tahoe,38.9399,-119.9772,30-day,500,29.4,746.76
south_lake_tahoe,38.9399,-119.9772,30-day,1000,32.2,817.88
south_lake_tahoe,38.9399,-119.9772,45-day,1,8.44,214.38
south_lake_tahoe,38.9399,-119.9772,45-day,2,11.2,284.48
south_lake_tahoe,38.9399,-119.9772,45-day,5,14.8,375.92
south_lake_tahoe,38.9399,-119.9772,45-day,10,17.7,449.58
south_lake_tahoe,38.9399,-119.9772,45-day,25,21.7,551.18
south_lake_tahoe,38.9399,-119.9772,45-day,50,24.8,629.92
south_lake_tahoe,38.9399,-119.9772,45-day,100,27.9,708.66
south_lake_tahoe,38.9399,-119.9772,45-day,200,31.1,789.94
south_lake_tahoe,38.9399,-119.9772,45-day,500,35.3,896.62
south_lake_tahoe,38.9399,-119.9772,45-day,1000,38.4,975.36
south_lake_tahoe,38.9399,-119.9772,60-day,1,9.94,252.48
south_lake_tahoe,38.9399,-119.9772,60-day,2,13.1,332.74
south_lake_tahoe,38.9399,-119.9772,60-day,5,17.3,439.42
south_lake_tahoe,38.9399,-119.9772,60-day,10,20.6,523.24
south_lake_tahoe,38.9399,-119.9772,60-day,25,25.2,640.08
south_lake_tahoe,38.9399,-119.9772,60-day,50,28.7,728.98
south_lake_tahoe,38.9399,-119.9772,60-day,100,32.2,817.88
south_lake_tahoe,38.9399,-119.9772,60-day,200,35.7,906.78
south_lake_tahoe,38.9399,-119.9772,60-day,500,40.3,1023.62
south_lake_tahoe,38.9399,-119.9772,60-day,1000,43.8,1112.52
incline_village,39.2555,-119.9435,5-min,1,0.135,3.43
incline_village,39.2555,-119.9435,5-min,2,0.168,4.27
incline_village,39.2555,-119.9435,5-min,5,0.22,5.59
incline_village,39.2555,-119.9435,5-min,10,0.269,6.83
incline_village,39.2555,-119.9435,5-min,25,0.348,8.84
incline_village,39.2555,-119.9435,5-min,50,0.422,10.72
incline_village,39.2555,-119.9435,5-min,100,0.51,12.95
incline_village,39.2555,-119.9435,5-min,200,0.617,15.67
incline_village,39.2555,-119.9435,5-min,500,0.792,20.12
incline_village,39.2555,-119.9435,5-min,1000,0.958,24.33
incline_village,39.2555,-119.9435,10-min,1,0.206,5.23
incline_village,39.2555,-119.9435,10-min,2,0.256,6.5
incline_village,39.2555,-119.9435,10-min,5,0.335,8.51
incline_village,39.2555,-119.9435,10-min,10,0.409,10.39
incline_village,39.2555,-119.9435,10-min,25,0.531,13.49
incline_village,39.2555,-119.9435,10-min,50,0.642,16.31
incline_village,39.2555,-119.9435,10-min,100,0.776,19.71
incline_village,39.2555,-119.9435,10-min,200,0.939,23.85
incline_village,39.2555,-119.9435,10-min,500,1.21,30.73
incline_village,39.2555,-119.9435,10-min,1000,1.46,37.08
incline_village,39.2555,-119.9435,15-min,1,0.255,6.48
incline_village,39.2555,-119.9435,15-min,2,0.317,8.05
incline_village,39.2555,-119.9435,15-min,5,0.415,10.54
incline_village,39.2555,-119.9435,15-min,10,0.507,12.88
incline_village,39.2555,-119.9435,15-min,25,0.658,16.71
incline_village,39.2555,-119.9435,15-min,50,0.796,20.22
incline_village,39.2555,-119.9435,15-min,100,0.962,24.43
incline_village,39.2555,-119.9435,15-min,200,1.16,29.46
incline_village,39.2555,-119.9435,15-min,500,1.5,38.1
incline_village,39.2555,-119.9435,15-min,1000,1.81,45.97
incline_village,39.2555,-119.9435,30-min,1,0.344,8.74
incline_village,39.2555,-119.9435,30-min,2,0.428,10.87
incline_village,39.2555,-119.9435,30-min,5,0.558,14.17
incline_village,39.2555,-119.9435,30-min,10,0.683,17.35
incline_village,39.2555,-119.9435,30-min,25,0.886,22.5
incline_village,39.2555,-119.9435,30-min,50,1.07,27.18
incline_village,39.2555,-119.9435,30-min,100,1.3,33.02
incline_village,39.2555,-119.9435,30-min,200,1.57,39.88
incline_village,39.2555,-119.9435,30-min,500,2.01,51.05
incline_village,39.2555,-119.9435,30-min,1000,2.43,61.72
incline_village,39.2555,-119.9435,60-min,1,0.425,10.79
incline_village,39.2555,-119.9435,60-min,2,0.529,13.44
incline_village,39.2555,-119.9435,60-min,5,0.691,17.55
incline_village,39.2555,-119.9435,60-min,10,0.845,21.46
incline_village,39.2555,-119.9435,60-min,25,1.1,27.94
incline_village,39.2555,-119.9435,60-min,50,1.33,33.78
incline_village,39.2555,-119.9435,60-min,100,1.6,40.64
incline_village,39.2555,-119.9435,60-min,200,1.94,49.28
incline_village,39.2555,-119.9435,60-min,500,2.49,63.25
incline_village,39.2555,-119.9435,60-min,1000,3.01,76.45
incline_village,39.2555,-119.9435,2-hr,1,0.581,14.76
incline_village,39.2555,-119.9435,2-hr,2,0.717,18.21
incline_village,39.2555,-119.9435,2-hr,5,0.893,22.68
incline_village,39.2555,-119.9435,2-hr,10,1.05,26.67
incline_village,39.2555,-119.9435,2-hr,25,1.28,32.51
incline_village,39.2555,-119.9435,2-hr,50,1.49,37.85
incline_village,39.2555,-119.9435,2-hr,100,1.73,43.94
incline_village,39.2555,-119.9435,2-hr,200,2.04,51.82
incline_village,39.2555,-119.9435,2-hr,500,2.59,65.79
incline_village,39.2555,-119.9435,2-hr,1000,3.11,78.99
incline_village,39.2555,-119.9435,3-hr,1,0.721,18.31
incline_village,39.2555,-119.9435,3-hr,2,0.892,22.66
incline_village,39.2555,-119.9435,3-hr,5,1.08,27.43
incline_village,39.2555,-119.9435,3-hr,10,1.25,31.75
incline_village,39.2555,-119.9435,3-hr,25,1.47,37.34
incline_village,39.2555,-119.9435,3-hr,50,1.67,42.42
incline_village,39.2555,-119.9435,3-hr,100,1.89,48.01
incline_village,39.2555,-119.9435,3-hr,200,2.2,55.88
incline_village,39.2555,-119.9435,3-hr,500,2.71,68.83
incline_village,39.2555,-119.9435,3-hr,1000,3.21,81.53
incline_village,39.2555,-119.9435,6-hr,1,1.11,28.19
incline_village,39.2555,-119.9435,6-hr,2,1.37,34.8
incline_village,39.2555,-119.9435,6-hr,5,1.65,41.91
incline_village,39.2555,-119.9435,6-hr,10,1.86,47.24
incline_village,39.2555,-119.9435,6-hr,25,2.15,54.61
incline_village,39.2555,-119.9435,6-hr,50,2.36,59.94
incline_village,39.2555,-119.9435,6-hr,100,2.57,65.28
incline_village,39.2555,-119.9435,6-hr,200,2.82,71.63
incline_village,39.2555,-119.9435,6-hr,500,3.21,81.53
incline_village,39.2555,-119.9435,6-hr,1000,3.57,90.68
incline_village,39.2555,-119.9435,12-hr,1,1.6,40.64
incline_village,39.2555,-119.9435,12-hr,2,1.99,50.55
incline_village,39.2555,-119.9435,12-hr,5,2.45,62.23
incline_village,39.2555,-119.9435,12-hr,10,2.81,71.37
incline_village,39.2555,-119.9435,12-hr,25,3.3,83.82
incline_village,39.2555,-119.9435,12-hr,50,3.66,92.96
incline_village,39.2555,-119.9435,12-hr,100,4.04,102.62
incline_village,39.2555,-119.9435,12-hr,200,4.41,112.01
incline_village,39.2555,-119.9435,12-hr,500,4.9,124.46
incline_village,39.2555,-119.9435,12-hr,1000,5.26,133.6
incline_village,39.2555,-119.9435,24-hr,1,2.51,63.75
incline_village,39.2555,-119.9435,24-hr,2,3.15,80.01
incline_village,39.2555,-119.9435,24-hr,5,3.98,101.09
incline_village,39.2555,-119.9435,24-hr,10,4.66,118.36
incline_village,39.2555,-119.9435,24-hr,25,5.62,142.75
incline_village,39.2555,-119.9435,24-hr,50,6.38,162.05
incline_village,39.2555,-119.9435,24-hr,100,7.18,182.37
incline_village,39.2555,-119.9435,24-hr,200,8.02,203.71
incline_village,39.2555,-119.9435,24-hr,500,9.19,233.43
incline_village,39.2555,-119.9435,24-hr,1000,10.1,256.54
incline_village,39.2555,-119.9435,2-day,1,3.25,82.55
incline_village,39.2555,-119.9435,2-day,2,4.11,104.39
incline_village,39.2555,-119.9435,2-day,5,5.32,135.13
incline_village,39.2555,-119.9435,2-day,10,6.34,161.04
incline_village,39.2555,-119.9435,2-day,25,7.79,197.87
incline_village,39.2555,-119.9435,2-day,50,8.98,228.09
incline_village,39.2555,-119.9435,2-day,100,10.3,261.62
incline_village,39.2555,-119.9435,2-day,200,11.6,294.64
incline_village,39.2555,-119.9435,2-day,500,13.6,345.44
incline_village,39.2555,-119.9435,2-day,1000,15.2,386.08
incline_village,39.2555,-119.9435,3-day,1,3.7,93.98
incline_village,39.2555,-119.9435,3-day,2,4.71,119.63
incline_village,39.2555,-119.9435,3-day,5,6.2,157.48
incline_village,39.2555,-119.9435,3-day,10,7.44,188.98
incline_village,39.2555,-119.9435,3-day,25,9.24,234.7
incline_village,39.2555,-119.9435,3-day,50,10.7,271.78
incline_village,39.2555,-119.9435,3-day,100,12.3,312.42
incline_village,39.2555,-119.9435,3-day,200,14.1,358.14
incline_village,39.2555,-119.9435,3-day,500,16.6,421.64
incline_village,39.2555,-119.9435,3-day,1000,18.7,474.98
incline_village,39.2555,-119.9435,4-day,1,4.15,105.41
incline_village,39.2555,-119.9435,4-day,2,5.31,134.87
incline_village,39.2555,-119.9435,4-day,5,7.08,179.83
incline_village,39.2555,-119.9435,4-day,10,8.55,217.17
incline_village,39.2555,-119.9435,4-day,25,10.7,271.78
incline_village,39.2555,-119.9435,4-day,50,12.5,317.5
incline_village,39.2555,-119.9435,4-day,100,14.4,365.76
incline_village,39.2555,-119.9435,4-day,200,16.5,419.1
incline_village,39.2555,-119.9435,4-day,500,19.6,497.84
incline_village,39.2555,-119.9435,4-day,1000,22.1,561.34
incline_village,39.2555,-119.9435,7-day,1,5.08,129.03
incline_village,39.2555,-119.9435,7-day,2,6.55,166.37
incline_village,39.2555,-119.9435,7-day,5,8.83,224.28
incline_village,39.2555,-119.9435,7-day,10,10.7,271.78
incline_village,39.2555,-119.9435,7-day,25,13.4,340.36
incline_village,39.2555,-119.9435,7-day,50,15.6,396.24
incline_village,39.2555,-119.9435,7-day,100,17.9,454.66
incline_village,39.2555,-119.9435,7-day,200,20.5,520.7
incline_village,39.2555,-119.9435,7-day,500,24.2,614.68
incline_village,39.2555,-119.9435,7-day,1000,27.2,690.88
incline_village,39.2555,-119.9435,10-day,1,5.89,149.61
incline_village,39.2555,-119.9435,10-day,2,7.62,193.55
incline_village,39.2555,-119.9435,10-day,5,10.3,261.62
incline_village,39.2555,-119.9435,10-day,10,12.4,314.96
incline_village,39.2555,-119.9435,10-day,25,15.4,391.16
incline_village,39.2555,-119.9435,10-day,50,17.8,452.12
incline_village,39.2555,-119.9435,10-day,100,20.3,515.62
incline_village,39.2555,-119.9435,10-day,200,23.0,584.2
incline_village,39.2555,-119.9435,10-day,500,26.9,683.26
incline_village,39.2555,-119.9435,10-day,1000,30.0,762.0
incline_village,39.2555,-119.9435,20-day,1,7.92,201.17
incline_village,39.2555,-119.9435,20-day,2,10.2,259.08
incline_village,39.2555,-119.9435,20-day,5,13.6,345.44
incline_village,39.2555,-119.9435,20-day,10,16.3,414.02
incline_village,39.2555,-119.9435,20-day,25,20.0,508.0
incline_village,39.2555,-119.9435,20-day,50,22.8,579.12
incline_village,39.2555,-119.9435,20-day,100,25.8,655.32
incline_village,39.2555,-119.9435,20-day,200,29.0,736.6
incline_village,39.2555,-119.9435,20-day,500,33.3,845.82
incline_village,39.2555,-119.9435,20-day,1000,36.7,932.18
incline_village,39.2555,-119.9435,30-day,1,9.64,244.86
incline_village,39.2555,-119.9435,30-day,2,12.5,317.5
incline_village,39.2555,-119.9435,30-day,5,16.6,421.64
incline_village,39.2555,-119.9435,30-day,10,19.8,502.92
incline_village,39.2555,-119.9435,30-day,25,24.2,614.68
incline_village,39.2555,-119.9435,30-day,50,27.7,703.58
incline_village,39.2555,-119.9435,30-day,100,31.3,795.02
incline_village,39.2555,-119.9435,30-day,200,35.0,889.0
incline_village,39.2555,-119.9435,30-day,500,40.2,1021.08
incline_village,39.2555,-119.9435,30-day,1000,44.2,1122.68
incline_village,39.2555,-119.9435,45-day,1,11.8,299.72
incline_village,39.2555,-119.9435,45-day,2,15.2,386.08
incline_village,39.2555,-119.9435,45-day,5,20.2,513.08
incline_village,39.2555,-119.9435,45-day,10,24.0,609.6
incline_village,39.2555,-119.9435,45-day,25,29.1,739.14
incline_village,39.2555,-119.9435,45-day,50,33.1,840.74
incline_village,39.2555,-119.9435,45-day,100,37.1,942.34
incline_village,39.2555,-119.9435,45-day,200,41.2,1046.48
incline_village,39.2555,-119.9435,45-day,500,46.8,1188.72
incline_village,39.2555,-119.9435,45-day,1000,51.2,1300.48
incline_village,39.2555,-119.9435,60-day,1,13.6,345.44
incline_village,39.2555,-119.9435,60-day,2,17.7,449.58
incline_village,39.2555,-119.9435,60-day,5,23.6,599.44
incline_village,39.2555,-119.9435,60-day,10,27.9,708.66
incline_village,39.2555,-119.9435,60-day,25,33.3,845.82
incline_village,39.2555,-119.9435,60-day,50,37.4,949.96
incline_village,39.2555,-119.9435,60-day,100,41.5,1054.1
incline_village,39.2555,-119.9435,60-day,200,45.6,1158.24
incline_village,39.2555,-119.9435,60-day,500,50.9,1292.86
incline_village,39.2555,-119.9435,60-day,1000,54.9,1394.46
glenbrook,39.0879,-119.9291,5-min,1,0.126,3.2
glenbrook,39.0879,-119.9291,5-min,2,0.156,3.96
glenbrook,39.0879,-119.9291,5-min,5,0.204,5.18
glenbrook,39.0879,-119.9291,5-min,10,0.249,6.32
glenbrook,39.0879,-119.9291,5-min,25,0.322,8.18
glenbrook,39.0879,-119.9291,5-min,50,0.387,9.83
glenbrook,39.0879,-119.9291,5-min,100,0.466,11.84
glenbrook,39.0879,-119.9291,5-min,200,0.561,14.25
glenbrook,39.0879,-119.9291,5-min,500,0.714,18.14
glenbrook,39.0879,-119.9291,5-min,1000,0.859,21.82
glenbrook,39.0879,-119.9291,10-min,1,0.191,4.85
glenbrook,39.0879,-119.9291,10-min,2,0.238,6.05
glenbrook,39.0879,-119.9291,10-min,5,0.311,7.9
glenbrook,39.0879,-119.9291,10-min,10,0.379,9.63
glenbrook,39.0879,-119.9291,10-min,25,0.49,12.45
glenbrook,39.0879,-119.9291,10-min,50,0.589,14.96
glenbrook,39.0879,-119.9291,10-min,100,0.709,18.01
glenbrook,39.0879,-119.9291,10-min,200,0.855,21.72
glenbrook,39.0879,-119.9291,10-min,500,1.09,27.69
glenbrook,39.0879,-119.9291,10-min,1000,1.31,33.27
glenbrook,39.0879,-119.9291,15-min,1,0.236,5.99
glenbrook,39.0879,-119.9291,15-min,2,0.294,7.47
glenbrook,39.0879,-119.9291,15-min,5,0.385,9.78
glenbrook,39.0879,-119.9291,15-min,10,0.47,11.94
glenbrook,39.0879,-119.9291,15-min,25,0.608,15.44
glenbrook,39.0879,-119.9291,15-min,50,0.73,18.54
glenbrook,39.0879,-119.9291,15-min,100,0.879,22.33
glenbrook,39.0879,-119.9291,15-min,200,1.06,26.92
glenbrook,39.0879,-119.9291,15-min,500,1.35,34.29
glenbrook,39.0879,-119.9291,15-min,1000,1.62,41.15
glenbrook,39.0879,-119.9291,30-min,1,0.318,8.08
glenbrook,39.0879,-119.9291,30-min,2,0.397,10.08
glenbrook,39.0879,-119.9291,30-min,5,0.518,13.16
glenbrook,39.0879,-119.9291,30-min,10,0.633,16.08
glenbrook,39.0879,-119.9291,30-min,25,0.818,20.78
glenbrook,39.0879,-119.9291,30-min,50,0.983,24.97
glenbrook,39.0879,-119.9291,30-min,100,1.18,29.97
glenbrook,39.0879,-119.9291,30-min,200,1.43,36.32
glenbrook,39.0879,-119.9291,30-min,500,1.81,45.97
glenbrook,39.0879,-119.9291,30-min,1000,2.18,55.37
glenbrook,39.0879,-119.9291,60-min,1,0.394,10.01
glenbrook,39.0879,-119.9291,60-min,2,0.491,12.47
glenbrook,39.0879,-119.9291,60-min,5,0.642,16.31
glenbrook,39.0879,-119.9291,60-min,10,0.783,19.89
glenbrook,39.0879,-119.9291,60-min,25,1.01,25.65
glenbrook,39.0879,-119.9291,60-min,50,1.22,30.99
glenbrook,39.0879,-119.9291,60-min,100,1.47,37.34
glenbrook,39.0879,-119.9291,60-min,200,1.76,44.7
glenbrook,39.0879,-119.9291,60-min,500,2.25,57.15
glenbrook,39.0879,-119.9291,60-min,1000,2.7,68.58
glenbrook,39.0879,-119.9291,2-hr,1,0.549,13.94
glenbrook,39.0879,-119.9291,2-hr,2,0.678,17.22
glenbrook,39.0879,-119.9291,2-hr,5,0.845,21.46
glenbrook,39.0879,-119.9291,2-hr,10,0.994,25.25
glenbrook,39.0879,-119.9291,2-hr,25,1.22,30.99
glenbrook,39.0879,-119.9291,2-hr,50,1.41,35.81
glenbrook,39.0879,-119.9291,2-hr,100,1.63,41.4
glenbrook,39.0879,-119.9291,2-hr,200,1.9,48.26
glenbrook,39.0879,-119.9291,2-hr,500,2.38,60.45
glenbrook,39.0879,-119.9291,2-hr,1000,2.84,72.14
glenbrook,39.0879,-119.9291,3-hr,1,0.682,17.32
glenbrook,39.0879,-119.9291,3-hr,2,0.844,21.44
glenbrook,39.0879,-119.9291,3-hr,5,1.03,26.16
glenbrook,39.0879,-119.9291,3-hr,10,1.19,30.23
glenbrook,39.0879,-119.9291,3-hr,25,1.41,35.81
glenbrook,39.0879,-119.9291,3-hr,50,1.6,40.64
glenbrook,39.0879,-119.9291,3-hr,100,1.8,45.72
glenbrook,39.0879,-119.9291,3-hr,200,2.07,52.58
glenbrook,39.0879,-119.9291,3-hr,500,2.5,63.5
glenbrook,39.0879,-119.9291,3-hr,1000,2.94,74.68
glenbrook,39.0879,-119.9291,6-hr,1,1.05,26.67
glenbrook,39.0879,-119.9291,6-hr,2,1.3,33.02
glenbrook,39.0879,-119.9291,6-hr,5,1.57,39.88
glenbrook,39.0879,-119.9291,6-hr,10,1.79,45.47
glenbrook,39.0879,-119.9291,6-hr,25,2.07,52.58
glenbrook,39.0879,-119.9291,6-hr,50,2.29,58.17
glenbrook,39.0879,-119.9291,6-hr,100,2.5,63.5
glenbrook,39.0879,-119.9291,6-hr,200,2.75,69.85
glenbrook,39.0879,-119.9291,6-hr,500,3.1,78.74
glenbrook,39.0879,-119.9291,6-hr,1000,3.41,86.61
glenbrook,39.0879,-119.9291,12-hr,1,1.54,39.12
glenbrook,39.0879,-119.9291,12-hr,2,1.92,48.77
glenbrook,39.0879,-119.9291,12-hr,5,2.37,60.2
glenbrook,39.0879,-119.9291,12-hr,10,2.73,69.34
glenbrook,39.0879,-119.9291,12-hr,25,3.21,81.53
glenbrook,39.0879,-119.9291,12-hr,50,3.58,90.93
glenbrook,39.0879,-119.9291,12-hr,100,3.96,100.58
glenbrook,39.0879,-119.9291,12-hr,200,4.34,110.24
glenbrook,39.0879,-119.9291,12-hr,500,4.83,122.68
glenbrook,39.0879,-119.9291,12-hr,1000,5.2,132.08
glenbrook,39.0879,-119.9291,24-hr,1,2.0,50.8
glenbrook,39.0879,-119.9291,24-hr,2,2.5,63.5
glenbrook,39.0879,-119.9291,24-hr,5,3.14,79.76
glenbrook,39.0879,-119.9291,24-hr,10,3.67,93.22
glenbrook,39.0879,-119.9291,24-hr,25,4.4,111.76
glenbrook,39.0879,-119.9291,24-hr,50,4.99,126.75
glenbrook,39.0879,-119.9291,24-hr,100,5.6,142.24
glenbrook,39.0879,-119.9291,24-hr,200,6.24,158.5
glenbrook,39.0879,-119.9291,24-hr,500,7.13,181.1
glenbrook,39.0879,-119.9291,24-hr,1000,7.83,198.88
glenbrook,39.0879,-119.9291,2-day,1,2.57,65.28
glenbrook,39.0879,-119.9291,2-day,2,3.24,82.3
glenbrook,39.0879,-119.9291,2-day,5,4.18,106.17
glenbrook,39.0879,-119.9291,2-day,10,4.96,125.98
glenbrook,39.0879,-119.9291,2-day,25,6.07,154.18
glenbrook,39.0879,-119.9291,2-day,50,6.98,177.29
glenbrook,39.0879,-119.9291,2-day,100,7.96,202.18
glenbrook,39.0879,-119.9291,2-day,200,9.01,228.85
glenbrook,39.0879,-119.9291,2-day,500,10.5,266.7
glenbrook,39.0879,-119.9291,2-day,1000,11.7,297.18
glenbrook,39.0879,-119.9291,3-day,1,2.91,73.91
glenbrook,39.0879,-119.9291,3-day,2,3.69,93.73
glenbrook,39.0879,-119.9291,3-day,5,4.83,122.68
glenbrook,39.0879,-119.9291,3-day,10,5.78,146.81
glenbrook,39.0879,-119.9291,3-day,25,7.15,181.61
glenbrook,39.0879,-119.9291,3-day,50,8.27,210.06
glenbrook,39.0879,-119.9291,3-day,100,9.49,241.05
glenbrook,39.0879,-119.9291,3-day,200,10.8,274.32
glenbrook,39.0879,-119.9291,3-day,500,12.7,322.58
glenbrook,39.0879,-119.9291,3-day,1000,14.3,363.22
glenbrook,39.0879,-119.9291,4-day,1,3.25,82.55
glenbrook,39.0879,-119.9291,4-day,2,4.14,105.16
glenbrook,39.0879,-119.9291,4-day,5,5.49,139.45
glenbrook,39.0879,-119.9291,4-day,10,6.61,167.89
glenbrook,39.0879,-119.9291,4-day,25,8.22,208.79
glenbrook,39.0879,-119.9291,4-day,50,9.57,243.08
glenbrook,39.0879,-119.9291,4-day,100,11.0,279.4
glenbrook,39.0879,-119.9291,4-day,200,12.6,320.04
glenbrook,39.0879,-119.9291,4-day,500,14.9,378.46
glenbrook,39.0879,-119.9291,4-day,1000,16.8,426.72
glenbrook,39.0879,-119.9291,7-day,1,3.96,100.58
glenbrook,39.0879,-119.9291,7-day,2,5.09,129.29
glenbrook,39.0879,-119.9291,7-day,5,6.82,173.23
glenbrook,39.0879,-119.9291,7-day,10,8.23,209.04
glenbrook,39.0879,-119.9291,7-day,25,10.2,259.08
glenbrook,39.0879,-119.9291,7-day,50,11.9,302.26
glenbrook,39.0879,-119.9291,7-day,100,13.6,345.44
glenbrook,39.0879,-119.9291,7-day,200,15.5,393.7
glenbrook,39.0879,-119.9291,7-day,500,18.2,462.28
glenbrook,39.0879,-119.9291,7-day,1000,20.5,520.7
glenbrook,39.0879,-119.9291,10-day,1,4.59,116.59
glenbrook,39.0879,-119.9291,10-day,2,5.92,150.37
glenbrook,39.0879,-119.9291,10-day,5,7.93,201.42
glenbrook,39.0879,-119.9291,10-day,10,9.52,241.81
glenbrook,39.0879,-119.9291,10-day,25,11.8,299.72
glenbrook,39.0879,-119.9291,10-day,50,13.6,345.44
glenbrook,39.0879,-119.9291,10-day,100,15.5,393.7
glenbrook,39.0879,-119.9291,10-day,200,17.5,444.5
glenbrook,39.0879,-119.9291,10-day,500,20.3,515.62
glenbrook,39.0879,-119.9291,10-day,1000,22.6,574.04
glenbrook,39.0879,-119.9291,20-day,1,6.15,156.21
glenbrook,39.0879,-119.9291,20-day,2,7.91,200.91
glenbrook,39.0879,-119.9291,20-day,5,10.5,266.7
glenbrook,39.0879,-119.9291,20-day,10,12.5,317.5
glenbrook,39.0879,-119.9291,20-day,25,15.2,386.08
glenbrook,39.0879,-119.9291,20-day,50,17.3,439.42
glenbrook,39.0879,-119.9291,20-day,100,19.6,497.84
glenbrook,39.0879,-119.9291,20-day,200,21.8,553.72
glenbrook,39.0879,-119.9291,20-day,500,25.0,635.0
glenbrook,39.0879,-119.9291,20-day,1000,27.4,695.96
glenbrook,39.0879,-119.9291,30-day,1,7.37,187.2
glenbrook,39.0879,-119.9291,30-day,2,9.5,241.3
glenbrook,39.0879,-119.9291,30-day,5,12.6,320.04
glenbrook,39.0879,-119.9291,30-day,10,15.0,381.0
glenbrook,39.0879,-119.9291,30-day,25,18.2,462.28
glenbrook,39.0879,-119.9291,30-day,50,20.8,528.32
glenbrook,39.0879,-119.9291,30-day,100,23.4,594.36
glenbrook,39.0879,-119.9291,30-day,200,26.1,662.94
glenbrook,39.0879,-119.9291,30-day,500,29.8,756.92
glenbrook,39.0879,-119.9291,30-day,1000,32.7,830.58
glenbrook,39.0879,-119.9291,45-day,1,8.99,228.35
glenbrook,39.0879,-119.9291,45-day,2,11.6,294.64
glenbrook,39.0879,-119.9291,45-day,5,15.3,388.62
glenbrook,39.0879,-119.9291,45-day,10,18.2,462.28
glenbrook,39.0879,-119.9291,45-day,25,21.9,556.26
glenbrook,39.0879,-119.9291,45-day,50,24.8,629.92
glenbrook,39.0879,-119.9291,45-day,100,27.8,706.12
glenbrook,39.0879,-119.9291,45-day,200,30.7,779.78
glenbrook,39.0879,-119.9291,45-day,500,34.8,883.92
glenbrook,39.0879,-119.9291,45-day,1000,37.9,962.66
glenbrook,39.0879,-119.9291,60-day,1,10.5,266.7
glenbrook,39.0879,-119.9291,60-day,2,13.6,345.44
glenbrook,39.0879,-119.9291,60-day,5,18.0,457.2
glenbrook,39.0879,-119.9291,60-day,10,21.2,538.48
glenbrook,39.0879,-119.9291,60-day,25,25.3,642.62
glenbrook,39.0879,-119.9291,60-day,50,28.3,718.82
glenbrook,39.0879,-119.9291,60-day,100,31.3,795.02
glenbrook,39.0879,-119.9291,60-day,200,34.3,871.22
glenbrook,39.0879,-119.9291,60-day,500,38.1,967.74
glenbrook,39.0879,-119.9291,60-day,1000,41.0,1041.4
meyers,38.8535,-120.0124,5-min,1,0.141,3.58
meyers,38.8535,-120.0124,5-min,2,0.175,4.44
meyers,38.8535,-120.0124,5-min,5,0.225,5.71
meyers,38.8535,-120.0124,5-min,10,0.268,6.81
meyers,38.8535,-120.0124,5-min,25,0.335,8.51
meyers,38.8535,-120.0124,5-min,50,0.391,9.93
meyers,38.8535,-120.0124,5-min,100,0.454,11.53
meyers,38.8535,-120.0124,5-min,200,0.526,13.36
meyers,38.8535,-120.0124,5-min,500,0.634,16.1
meyers,38.8535,-120.0124,5-min,1000,0.728,18.49
meyers,38.8535,-120.0124,10-min,1,0.203,5.16
meyers,38.8535,-120.0124,10-min,2,0.251,6.38
meyers,38.8535,-120.0124,10-min,5,0.322,8.18
meyers,38.8535,-120.0124,10-min,10,0.385,9.78
meyers,38.8535,-120.0124,10-min,25,0.48,12.19
meyers,38.8535,-120.0124,10-min,50,0.561,14.25
meyers,38.8535,-120.0124,10-min,100,0.651,16.54
meyers,38.8535,-120.0124,10-min,200,0.753,19.13
meyers,38.8535,-120.0124,10-min,500,0.909,23.09
meyers,38.8535,-120.0124,10-min,1000,1.04,26.42
meyers,38.8535,-120.0124,15-min,1,0.245,6.22
meyers,38.8535,-120.0124,15-min,2,0.304,7.72
meyers,38.8535,-120.0124,15-min,5,0.389,9.88
meyers,38.8535,-120.0124,15-min,10,0.465,11.81
meyers,38.8535,-120.0124,15-min,25,0.58,14.73
meyers,38.8535,-120.0124,15-min,50,0.678,17.22
meyers,38.8535,-120.0124,15-min,100,0.787,19.99
meyers,38.8535,-120.0124,15-min,200,0.911,23.14
meyers,38.8535,-120.0124,15-min,500,1.1,27.94
meyers,38.8535,-120.0124,15-min,1000,1.26,32.0
meyers,38.8535,-120.0124,30-min,1,0.326,8.28
meyers,38.8535,-120.0124,30-min,2,0.405,10.29
meyers,38.8535,-120.0124,30-min,5,0.518,13.16
meyers,38.8535,-120.0124,30-min,10,0.619,15.72
meyers,38.8535,-120.0124,30-min,25,0.772,19.61
meyers,38.8535,-120.0124,30-min,50,0.903,22.94
meyers,38.8535,-120.0124,30-min,100,1.05,26.67
meyers,38.8535,-120.0124,30-min,200,1.21,30.73
meyers,38.8535,-120.0124,30-min,500,1.46,37.08
meyers,38.8535,-120.0124,30-min,1000,1.68,42.67
meyers,38.8535,-120.0124,60-min,1,0.454,11.53
meyers,38.8535,-120.0124,60-min,2,0.563,14.3
meyers,38.8535,-120.0124,60-min,5,0.721,18.31
meyers,38.8535,-120.0124,60-min,10,0.862,21.89
meyers,38.8535,-120.0124,60-min,25,1.08,27.43
meyers,38.8535,-120.0124,60-min,50,1.26,32.0
meyers,38.8535,-120.0124,60-min,100,1.46,37.08
meyers,38.8535,-120.0124,60-min,200,1.69,42.93
meyers,38.8535,-120.0124,60-min,500,2.04,51.82
meyers,38.8535,-120.0124,60-min,1000,2.34,59.44
meyers,38.8535,-120.0124,2-hr,1,0.636,16.15
meyers,38.8535,-120.0124,2-hr,2,0.786,19.96
meyers,38.8535,-120.0124,2-hr,5,1.0,25.4
meyers,38.8535,-120.0124,2-hr,10,1.19,30.23
meyers,38.8535,-120.0124,2-hr,25,1.47,37.34
meyers,38.8535,-120.0124,2-hr,50,1.71,43.43
meyers,38.8535,-120.0124,2-hr,100,1.97,50.04
meyers,38.8535,-120.0124,2-hr,200,2.27,57.66
meyers,38.8535,-120.0124,2-hr,500,2.7,68.58
meyers,38.8535,-120.0124,2-hr,1000,3.07,77.98
meyers,38.8535,-120.0124,3-hr,1,0.784,19.91
meyers,38.8535,-120.0124,3-hr,2,0.965,24.51
meyers,38.8535,-120.0124,3-hr,5,1.22,30.99
meyers,38.8535,-120.0124,3-hr,10,1.45,36.83
meyers,38.8535,-120.0124,3-hr,25,1.78,45.21
meyers,38.8535,-120.0124,3-hr,50,2.06,52.32
meyers,38.8535,-120.0124,3-hr,100,2.37,60.2
meyers,38.8535,-120.0124,3-hr,200,2.71,68.83
meyers,38.8535,-120.0124,3-hr,500,3.21,81.53
meyers,38.8535,-120.0124,3-hr,1000,3.63,92.2
meyers,38.8535,-120.0124,6-hr,1,1.15,29.21
meyers,38.8535,-120.0124,6-hr,2,1.41,35.81
meyers,38.8535,-120.0124,6-hr,5,1.77,44.96
meyers,38.8535,-120.0124,6-hr,10,2.08,52.83
meyers,38.8535,-120.0124,6-hr,25,2.55,64.77
meyers,38.8535,-120.0124,6-hr,50,2.93,74.42
meyers,38.8535,-120.0124,6-hr,100,3.34,84.84
meyers,38.8535,-120.0124,6-hr,200,3.8,96.52
meyers,38.8535,-120.0124,6-hr,500,4.47,113.54
meyers,38.8535,-120.0124,6-hr,1000,5.03,127.76
meyers,38.8535,-120.0124,12-hr,1,1.71,43.43
meyers,38.8535,-120.0124,12-hr,2,2.09,53.09
meyers,38.8535,-120.0124,12-hr,5,2.64,67.06
meyers,38.8535,-120.0124,12-hr,10,3.1,78.74
meyers,38.8535,-120.0124,12-hr,25,3.79,96.27
meyers,38.8535,-120.0124,12-hr,50,4.35,110.49
meyers,38.8535,-120.0124,12-hr,100,4.95,125.73
meyers,38.8535,-120.0124,12-hr,200,5.61,142.49
meyers,38.8535,-120.0124,12-hr,500,6.58,167.13
meyers,38.8535,-120.0124,12-hr,1000,7.37,187.2
meyers,38.8535,-120.0124,24-hr,1,2.49,63.25
meyers,38.8535,-120.0124,24-hr,2,3.09,78.49
meyers,38.8535,-120.0124,24-hr,5,3.93,99.82
meyers,38.8535,-120.0124,24-hr,10,4.65,118.11
meyers,38.8535,-120.0124,24-hr,25,5.7,144.78
meyers,38.8535,-120.0124,24-hr,50,6.57,166.88
meyers,38.8535,-120.0124,24-hr,100,7.49,190.25
meyers,38.8535,-120.0124,24-hr,200,8.5,215.9
meyers,38.8535,-120.0124,24-hr,500,9.96,252.98
meyers,38.8535,-120.0124,24-hr,1000,11.2,284.48
meyers,38.8535,-120.0124,2-day,1,3.42,86.87
meyers,38.8535,-120.0124,2-day,2,4.32,109.73
meyers,38.8535,-120.0124,2-day,5,5.58,141.73
meyers,38.8535,-120.0124,2-day,10,6.67,169.42
meyers,38.8535,-120.0124,2-day,25,8.27,210.06
meyers,38.8535,-120.0124,2-day,50,9.59,243.59
meyers,38.8535,-120.0124,2-day,100,11.0,279.4
meyers,38.8535,-120.0124,2-day,200,12.6,320.04
meyers,38.8535,-120.0124,2-day,500,14.9,378.46
meyers,38.8535,-120.0124,2-day,1000,16.8,426.72
meyers,38.8535,-120.0124,3-day,1,3.97,100.84
meyers,38.8535,-120.0124,3-day,2,5.07,128.78
meyers,38.8535,-120.0124,3-day,5,6.61,167.89
meyers,38.8535,-120.0124,3-day,10,7.96,202.18
meyers,38.8535,-120.0124,3-day,25,9.93,252.22
meyers,38.8535,-120.0124,3-day,50,11.6,294.64
meyers,38.8535,-120.0124,3-day,100,13.3,337.82
meyers,38.8535,-120.0124,3-day,200,15.3,388.62
meyers,38.8535,-120.0124,3-day,500,18.1,459.74
meyers,38.8535,-120.0124,3-day,1000,20.5,520.7
meyers,38.8535,-120.0124,4-day,1,4.4,111.76
meyers,38.8535,-120.0124,4-day,2,5.64,143.26
meyers,38.8535,-120.0124,4-day,5,7.4,187.96
meyers,38.8535,-120.0124,4-day,10,8.93,226.82
meyers,38.8535,-120.0124,4-day,25,11.1,281.94
meyers,38.8535,-120.0124,4-day,50,13.0,330.2
meyers,38.8535,-120.0124,4-day,100,14.9,378.46
meyers,38.8535,-120.0124,4-day,200,17.1,434.34
meyers,38.8535,-120.0124,4-day,500,20.2,513.08
meyers,38.8535,-120.0124,4-day,1000,22.8,579.12
meyers,38.8535,-120.0124,7-day,1,5.27,133.86
meyers,38.8535,-120.0124,7-day,2,6.79,172.47
meyers,38.8535,-120.0124,7-day,5,8.91,226.31
meyers,38.8535,-120.0124,7-day,10,10.7,271.78
meyers,38.8535,-120.0124,7-day,25,13.3,337.82
meyers,38.8535,-120.0124,7-day,50,15.4,391.16
meyers,38.8535,-120.0124,7-day,100,17.6,447.04
meyers,38.8535,-120.0124,7-day,200,19.9,505.46
meyers,38.8535,-120.0124,7-day,500,23.3,591.82
meyers,38.8535,-120.0124,7-day,1000,26.0,660.4
meyers,38.8535,-120.0124,10-day,1,6.0,152.4
meyers,38.8535,-120.0124,10-day,2,7.76,197.1
meyers,38.8535,-120.0124,10-day,5,10.2,259.08
meyers,38.8535,-120.0124,10-day,10,12.2,309.88
meyers,38.8535,-120.0124,10-day,25,15.0,381.0
meyers,38.8535,-120.0124,10-day,50,17.3,439.42
meyers,38.8535,-120.0124,10-day,100,19.7,500.38
meyers,38.8535,-120.0124,10-day,200,22.2,563.88
meyers,38.8535,-120.0124,10-day,500,25.8,655.32
meyers,38.8535,-120.0124,10-day,1000,28.6,726.44
meyers,38.8535,-120.0124,20-day,1,8.22,208.79
meyers,38.8535,-120.0124,20-day,2,10.7,271.78
meyers,38.8535,-120.0124,20-day,5,14.0,355.6
meyers,38.8535,-120.0124,20-day,10,16.8,426.72
meyers,38.8535,-120.0124,20-day,25,20.5,520.7
meyers,38.8535,-120.0124,20-day,50,23.4,594.36
meyers,38.8535,-120.0124,20-day,100,26.4,670.56
meyers,38.8535,-120.0124,20-day,200,29.5,749.3
meyers,38.8535,-120.0124,20-day,500,33.8,858.52
meyers,38.8535,-120.0124,20-day,1000,37.1,942.34
meyers,38.8535,-120.0124,30-day,1,10.2,259.08
meyers,38.8535,-120.0124,30-day,2,13.3,337.82
meyers,38.8535,-120.0124,30-day,5,17.4,441.96
meyers,38.8535,-120.0124,30-day,10,20.7,525.78
meyers,38.8535,-120.0124,30-day,25,25.2,640.08
meyers,38.8535,-120.0124,30-day,50,28.7,728.98
meyers,38.8535,-120.0124,30-day,100,32.2,817.88
meyers,38.8535,-120.0124,30-day,200,35.7,906.78
meyers,38.8535,-120.0124,30-day,500,40.5,1028.7
meyers,38.8535,-120.0124,30-day,1000,44.3,1125.22
meyers,38.8535,-120.0124,45-day,1,12.7,322.58
meyers,38.8535,-120.0124,45-day,2,16.6,421.64
meyers,38.8535,-120.0124,45-day,5,21.6,548.64
meyers,38.8535,-120.0124,45-day,10,25.6,650.24
meyers,38.8535,-120.0124,45-day,25,31.0,787.4
meyers,38.8535,-120.0124,45-day,50,35.0,889.0
meyers,38.8535,-120.0124,45-day,100,39.0,990.6
meyers,38.8535,-120.0124,45-day,200,43.1,1094.74
meyers,38.8535,-120.0124,45-day,500,48.5,1231.9
meyers,38.8535,-120.0124,45-day,1000,52.6,1336.04
meyers,38.8535,-120.0124,60-day,1,15.1,383.54
meyers,38.8535,-120.0124,60-day,2,19.7,500.38
meyers,38.8535,-120.0124,60-day,5,25.4,645.16
meyers,38.8535,-120.0124,60-day,10,30.0,762.0
meyers,38.8535,-120.0124,60-day,25,36.1,916.94
meyers,38.8535,-120.0124,60-day,50,40.6,1031.24
meyers,38.8535,-120.0124,60-day,100,45.1,1145.54
meyers,38.8535,-120.0124,60-day,200,49.6,1259.84
meyers,38.8535,-120.0124,60-day,500,55.6,1412.24
meyers,38.8535,-120.0124,60-day,1000,60.0,1524.0
emerald_bay,38.9542,-120.1103,5-min,1,0.157,3.99
emerald_bay,38.9542,-120.1103,5-min,2,0.192,4.88
emerald_bay,38.9542,-120.1103,5-min,5,0.245,6.22
emerald_bay,38.9542,-120.1103,5-min,10,0.295,7.49
emerald_bay,38.9542,-120.1103,5-min,25,0.374,9.5
emerald_bay,38.9542,-120.1103,5-min,50,0.447,11.35
emerald_bay,38.9542,-120.1103,5-min,100,0.533,13.54
emerald_bay,38.9542,-120.1103,5-min,200,0.639,16.23
emerald_bay,38.9542,-120.1103,5-min,500,0.816,20.73
emerald_bay,38.9542,-120.1103,5-min,1000,0.986,25.04
emerald_bay,38.9542,-120.1103,10-min,1,0.225,5.71
emerald_bay,38.9542,-120.1103,10-min,2,0.275,6.99
emerald_bay,38.9542,-120.1103,10-min,5,0.351,8.92
emerald_bay,38.9542,-120.1103,10-min,10,0.422,10.72
emerald_bay,38.9542,-120.1103,10-min,25,0.536,13.61
emerald_bay,38.9542,-120.1103,10-min,50,0.64,16.26
emerald_bay,38.9542,-120.1103,10-min,100,0.764,19.41
emerald_bay,38.9542,-120.1103,10-min,200,0.916,23.27
emerald_bay,38.9542,-120.1103,10-min,500,1.17,29.72
emerald_bay,38.9542,-120.1103,10-min,1000,1.41,35.81
emerald_bay,38.9542,-120.1103,15-min,1,0.272,6.91
emerald_bay,38.9542,-120.1103,15-min,2,0.333,8.46
emerald_bay,38.9542,-120.1103,15-min,5,0.425,10.79
emerald_bay,38.9542,-120.1103,15-min,10,0.511,12.98
emerald_bay,38.9542,-120.1103,15-min,25,0.648,16.46
emerald_bay,38.9542,-120.1103,15-min,50,0.774,19.66
emerald_bay,38.9542,-120.1103,15-min,100,0.925,23.5
emerald_bay,38.9542,-120.1103,15-min,200,1.11,28.19
emerald_bay,38.9542,-120.1103,15-min,500,1.41,35.81
emerald_bay,38.9542,-120.1103,15-min,1000,1.71,43.43
emerald_bay,38.9542,-120.1103,30-min,1,0.351,8.92
emerald_bay,38.9542,-120.1103,30-min,2,0.43,10.92
emerald_bay,38.9542,-120.1103,30-min,5,0.548,13.92
emerald_bay,38.9542,-120.1103,30-min,10,0.659,16.74
emerald_bay,38.9542,-120.1103,30-min,25,0.837,21.26
emerald_bay,38.9542,-120.1103,30-min,50,1.0,25.4
emerald_bay,38.9542,-120.1103,30-min,100,1.19,30.23
emerald_bay,38.9542,-120.1103,30-min,200,1.43,36.32
emerald_bay,38.9542,-120.1103,30-min,500,1.83,46.48
emerald_bay,38.9542,-120.1103,30-min,1000,2.21,56.13
emerald_bay,38.9542,-120.1103,60-min,1,0.478,12.14
emerald_bay,38.9542,-120.1103,60-min,2,0.585,14.86
emerald_bay,38.9542,-120.1103,60-min,5,0.746,18.95
emerald_bay,38.9542,-120.1103,60-min,10,0.897,22.78
emerald_bay,38.9542,-120.1103,60-min,25,1.14,28.96
emerald_bay,38.9542,-120.1103,60-min,50,1.36,34.54
emerald_bay,38.9542,-120.1103,60-min,100,1.62,41.15
emerald_bay,38.9542,-120.1103,60-min,200,1.95,49.53
emerald_bay,38.9542,-120.1103,60-min,500,2.48,62.99
emerald_bay,38.9542,-120.1103,60-min,1000,3.0,76.2
emerald_bay,38.9542,-120.1103,2-hr,1,0.658,16.71
emerald_bay,38.9542,-120.1103,2-hr,2,0.817,20.75
emerald_bay,38.9542,-120.1103,2-hr,5,1.05,26.67
emerald_bay,38.9542,-120.1103,2-hr,10,1.26,32.0
emerald_bay,38.9542,-120.1103,2-hr,25,1.57,39.88
emerald_bay,38.9542,-120.1103,2-hr,50,1.85,46.99
emerald_bay,38.9542,-120.1103,2-hr,100,2.16,54.86
emerald_bay,38.9542,-120.1103,2-hr,200,2.52,64.01
emerald_bay,38.9542,-120.1103,2-hr,500,3.07,77.98
emerald_bay,38.9542,-120.1103,2-hr,1000,3.56,90.42
emerald_bay,38.9542,-120.1103,3-hr,1,0.815,20.7
emerald_bay,38.9542,-120.1103,3-hr,2,1.01,25.65
emerald_bay,38.9542,-120.1103,3-hr,5,1.29,32.77
emerald_bay,38.9542,-120.1103,3-hr,10,1.54,39.12
emerald_bay,38.9542,-120.1103,3-hr,25,1.92,48.77
emerald_bay,38.9542,-120.1103,3-hr,50,2.23,56.64
emerald_bay,38.9542,-120.1103,3-hr,100,2.58,65.53
emerald_bay,38.9542,-120.1103,3-hr,200,2.98,75.69
emerald_bay,38.9542,-120.1103,3-hr,500,3.57,90.68
emerald_bay,38.9542,-120.1103,3-hr,1000,4.09,103.89
emerald_bay,38.9542,-120.1103,6-hr,1,1.22,30.99
emerald_bay,38.9542,-120.1103,6-hr,2,1.5,38.1
emerald_bay,38.9542,-120.1103,6-hr,5,1.91,48.51
emerald_bay,38.9542,-120.1103,6-hr,10,2.26,57.4
emerald_bay,38.9542,-120.1103,6-hr,25,2.77,70.36
emerald_bay,38.9542,-120.1103,6-hr,50,3.19,81.03
emerald_bay,38.9542,-120.1103,6-hr,100,3.65,92.71
emerald_bay,38.9542,-120.1103,6-hr,200,4.15,105.41
emerald_bay,38.9542,-120.1103,6-hr,500,4.89,124.21
emerald_bay,38.9542,-120.1103,6-hr,1000,5.51,139.95
emerald_bay,38.9542,-120.1103,12-hr,1,1.83,46.48
emerald_bay,38.9542,-120.1103,12-hr,2,2.25,57.15
emerald_bay,38.9542,-120.1103,12-hr,5,2.84,72.14
emerald_bay,38.9542,-120.1103,12-hr,10,3.35,85.09
emerald_bay,38.9542,-120.1103,12-hr,25,4.08,103.63
emerald_bay,38.9542,-120.1103,12-hr,50,4.68,118.87
emerald_bay,38.9542,-120.1103,12-hr,100,5.33,135.38
emerald_bay,38.9542,-120.1103,12-hr,200,6.03,153.16
emerald_bay,38.9542,-120.1103,12-hr,500,7.04,178.82
emerald_bay,38.9542,-120.1103,12-hr,1000,7.88,200.15
emerald_bay,38.9542,-120.1103,24-hr,1,2.72,69.09
emerald_bay,38.9542,-120.1103,24-hr,2,3.37,85.6
emerald_bay,38.9542,-120.1103,24-hr,5,4.26,108.2
emerald_bay,38.9542,-120.1103,24-hr,10,5.03,127.76
emerald_bay,38.9542,-120.1103,24-hr,25,6.14,155.96
emerald_bay,38.9542,-120.1103,24-hr,50,7.05,179.07
emerald_bay,38.9542,-120.1103,24-hr,100,8.02,203.71
emerald_bay,38.9542,-120.1103,24-hr,200,9.07,230.38
emerald_bay,38.9542,-120.1103,24-hr,500,10.6,269.24
emerald_bay,38.9542,-120.1103,24-hr,1000,11.8,299.72
emerald_bay,38.9542,-120.1103,2-day,1,3.77,95.76
emerald_bay,38.9542,-120.1103,2-day,2,4.75,120.65
emerald_bay,38.9542,-120.1103,2-day,5,6.12,155.45
emerald_bay,38.9542,-120.1103,2-day,10,7.3,185.42
emerald_bay,38.9542,-120.1103,2-day,25,9.02,229.11
emerald_bay,38.9542,-120.1103,2-day,50,10.4,264.16
emerald_bay,38.9542,-120.1103,2-day,100,11.9,302.26
emerald_bay,38.9542,-120.1103,2-day,200,13.6,345.44
emerald_bay,38.9542,-120.1103,2-day,500,16.0,406.4
emerald_bay,38.9542,-120.1103,2-day,1000,18.0,457.2
emerald_bay,38.9542,-120.1103,3-day,1,4.4,111.76
emerald_bay,38.9542,-120.1103,3-day,2,5.62,142.75
emerald_bay,38.9542,-120.1103,3-day,5,7.32,185.93
emerald_bay,38.9542,-120.1103,3-day,10,8.8,223.52
emerald_bay,38.9542,-120.1103,3-day,25,11.0,279.4
emerald_bay,38.9542,-120.1103,3-day,50,12.7,322.58
emerald_bay,38.9542,-120.1103,3-day,100,14.6,370.84
emerald_bay,38.9542,-120.1103,3-day,200,16.7,424.18
emerald_bay,38.9542,-120.1103,3-day,500,19.8,502.92
emerald_bay,38.9542,-120.1103,3-day,1000,22.3,566.42
emerald_bay,38.9542,-120.1103,4-day,1,4.84,122.94
emerald_bay,38.9542,-120.1103,4-day,2,6.23,158.24
emerald_bay,38.9542,-120.1103,4-day,5,8.16,207.26
emerald_bay,38.9542,-120.1103,4-day,10,9.84,249.94
emerald_bay,38.9542,-120.1103,4-day,25,12.3,312.42
emerald_bay,38.9542,-120.1103,4-day,50,14.2,360.68
emerald_bay,38.9542,-120.1103,4-day,100,16.4,416.56
emerald_bay,38.9542,-120.1103,4-day,200,18.7,474.98
emerald_bay,38.9542,-120.1103,4-day,500,22.1,561.34
emerald_bay,38.9542,-120.1103,4-day,1000,24.8,629.92
emerald_bay,38.9542,-120.1103,7-day,1,5.78,146.81
emerald_bay,38.9542,-120.1103,7-day,2,7.47,189.74
emerald_bay,38.9542,-120.1103,7-day,5,9.78,248.41
emerald_bay,38.9542,-120.1103,7-day,10,11.8,299.72
emerald_bay,38.9542,-120.1103,7-day,25,14.6,370.84
emerald_bay,38.9542,-120.1103,7-day,50,16.8,426.72
emerald_bay,38.9542,-120.1103,7-day,100,19.2,487.68
emerald_bay,38.9542,-120.1103,7-day,200,21.8,553.72
emerald_bay,38.9542,-120.1103,7-day,500,25.5,647.7
emerald_bay,38.9542,-120.1103,7-day,1000,28.5,723.9
emerald_bay,38.9542,-120.1103,10-day,1,6.69,169.93
emerald_bay,38.9542,-120.1103,10-day,2,8.66,219.96
emerald_bay,38.9542,-120.1103,10-day,5,11.3,287.02
emerald_bay,38.9542,-120.1103,10-day,10,13.6,345.44
emerald_bay,38.9542,-120.1103,10-day,25,16.7,424.18
emerald_bay,38.9542,-120.1103,10-day,50,19.2,487.68
emerald_bay,38.9542,-120.1103,10-day,100,21.9,556.26
emerald_bay,38.9542,-120.1103,10-day,200,24.7,627.38
emerald_bay,38.9542,-120.1103,10-day,500,28.7,728.98
emerald_bay,38.9542,-120.1103,10-day,1000,31.9,810.26
emerald_bay,38.9542,-120.1103,20-day,1,9.24,234.7
emerald_bay,38.9542,-120.1103,20-day,2,12.0,304.8
emerald_bay,38.9542,-120.1103,20-day,5,15.7,398.78
emerald_bay,38.9542,-120.1103,20-day,10,18.8,477.52
emerald_bay,38.9542,-120.1103,20-day,25,23.0,584.2
emerald_bay,38.9542,-120.1103,20-day,50,26.2,665.48
emerald_bay,38.9542,-120.1103,20-day,100,29.6,751.84
emerald_bay,38.9542,-120.1103,20-day,200,33.1,840.74
emerald_bay,38.9542,-120.1103,20-day,500,37.9,962.66
emerald_bay,38.9542,-120.1103,20-day,1000,41.7,1059.18
emerald_bay,38.9542,-120.1103,30-day,1,11.5,292.1
emerald_bay,38.9542,-120.1103,30-day,2,15.0,381.0
emerald_bay,38.9542,-120.1103,30-day,5,19.6,497.84
emerald_bay,38.9542,-120.1103,30-day,10,23.3,591.82
emerald_bay,38.9542,-120.1103,30-day,25,28.3,718.82
emerald_bay,38.9542,-120.1103,30-day,50,32.1,815.34
emerald_bay,38.9542,-120.1103,30-day,100,36.0,914.4
emerald_bay,38.9542,-120.1103,30-day,200,40.1,1018.54
emerald_bay,38.9542,-120.1103,30-day,500,45.5,1155.7
emerald_bay,38.9542,-120.1103,30-day,1000,49.8,1264.92
emerald_bay,38.9542,-120.1103,45-day,1,14.3,363.22
emerald_bay,38.9542,-120.1103,45-day,2,18.7,474.98
emerald_bay,38.9542,-120.1103,45-day,5,24.3,617.22
emerald_bay,38.9542,-120.1103,45-day,10,28.8,731.52
emerald_bay,38.9542,-120.1103,45-day,25,34.7,881.38
emerald_bay,38.9542,-120.1103,45-day,50,39.2,995.68
emerald_bay,38.9542,-120.1103,45-day,100,43.7,1109.98
emerald_bay,38.9542,-120.1103,45-day,200,48.3,1226.82
emerald_bay,38.9542,-120.1103,45-day,500,54.4,1381.76
emerald_bay,38.9542,-120.1103,45-day,1000,59.2,1503.68
emerald_bay,38.9542,-120.1103,60-day,1,16.9,429.26
emerald_bay,38.9542,-120.1103,60-day,2,22.0,558.8
emerald_bay,38.9542,-120.1103,60-day,5,28.5,723.9
emerald_bay,38.9542,-120.1103,60-day,10,33.6,853.44
emerald_bay,38.9542,-120.1103,60-day,25,40.3,1023.62
emerald_bay,38.9542,-120.1103,60-day,50,45.4,1153.16
emerald_bay,38.9542,-120.1103,60-day,100,50.4,1280.16
emerald_bay,38.9542,-120.1103,60-day,200,55.4,1407.16
emerald_bay,38.9542,-120.1103,60-day,500,62.1,1577.34
emerald_bay,38.9542,-120.1103,60-day,1000,67.2,1706.88
kingsbury,38.9635,-119.8961,5-min,1,0.125,3.17
kingsbury,38.9635,-119.8961,5-min,2,0.156,3.96
kingsbury,38.9635,-119.8961,5-min,5,0.203,5.16
kingsbury,38.9635,-119.8961,5-min,10,0.247,6.27
kingsbury,38.9635,-119.8961,5-min,25,0.315,8.0
kingsbury,38.9635,-119.8961,5-min,50,0.377,9.58
kingsbury,38.9635,-119.8961,5-min,100,0.45,11.43
kingsbury,38.9635,-119.8961,5-min,200,0.539,13.69
kingsbury,38.9635,-119.8961,5-min,500,0.68,17.27
kingsbury,38.9635,-119.8961,5-min,1000,0.813,20.65
kingsbury,38.9635,-119.8961,10-min,1,0.19,4.83
kingsbury,38.9635,-119.8961,10-min,2,0.237,6.02
kingsbury,38.9635,-119.8961,10-min,5,0.309,7.85
kingsbury,38.9635,-119.8961,10-min,10,0.376,9.55
kingsbury,38.9635,-119.8961,10-min,25,0.48,12.19
kingsbury,38.9635,-119.8961,10-min,50,0.573,14.55
kingsbury,38.9635,-119.8961,10-min,100,0.686,17.42
kingsbury,38.9635,-119.8961,10-min,200,0.82,20.83
kingsbury,38.9635,-119.8961,10-min,500,1.03,26.16
kingsbury,38.9635,-119.8961,10-min,1000,1.24,31.5
kingsbury,38.9635,-119.8961,15-min,1,0.236,5.99
kingsbury,38.9635,-119.8961,15-min,2,0.294,7.47
kingsbury,38.9635,-119.8961,15-min,5,0.383,9.73
kingsbury,38.9635,-119.8961,15-min,10,0.465,11.81
kingsbury,38.9635,-119.8961,15-min,25,0.595,15.11
kingsbury,38.9635,-119.8961,15-min,50,0.71,18.03
kingsbury,38.9635,-119.8961,15-min,100,0.85,21.59
kingsbury,38.9635,-119.8961,15-min,200,1.02,25.91
kingsbury,38.9635,-119.8961,15-min,500,1.28,32.51
kingsbury,38.9635,-119.8961,15-min,1000,1.53,38.86
kingsbury,38.9635,-119.8961,30-min,1,0.318,8.08
kingsbury,38.9635,-119.8961,30-min,2,0.396,10.06
kingsbury,38.9635,-119.8961,30-min,5,0.516,13.11
kingsbury,38.9635,-119.8961,30-min,10,0.627,15.93
kingsbury,38.9635,-119.8961,30-min,25,0.802,20.37
kingsbury,38.9635,-119.8961,30-min,50,0.957,24.31
kingsbury,38.9635,-119.8961,30-min,100,1.14,28.96
kingsbury,38.9635,-119.8961,30-min,200,1.37,34.8
kingsbury,38.9635,-119.8961,30-min,500,1.73,43.94
kingsbury,38.9635,-119.8961,30-min,1000,2.07,52.58
kingsbury,38.9635,-119.8961,60-min,1,0.393,9.98
kingsbury,38.9635,-119.8961,60-min,2,0.49,12.45
kingsbury,38.9635,-119.8961,60-min,5,0.638,16.21
kingsbury,38.9635,-119.8961,60-min,10,0.776,19.71
kingsbury,38.9635,-119.8961,60-min,25,0.992,25.2
kingsbury,38.9635,-119.8961,60-min,50,1.18,29.97
kingsbury,38.9635,-119.8961,60-min,100,1.42,36.07
kingsbury,38.9635,-119.8961,60-min,200,1.7,43.18
kingsbury,38.9635,-119.8961,60-min,500,2.14,54.36
kingsbury,38.9635,-119.8961,60-min,1000,2.56,65.02
kingsbury,38.9635,-119.8961,2-hr,1,0.552,14.02
kingsbury,38.9635,-119.8961,2-hr,2,0.683,17.35
kingsbury,38.9635,-119.8961,2-hr,5,0.849,21.56
kingsbury,38.9635,-119.8961,2-hr,10,0.999,25.37
kingsbury,38.9635,-119.8961,2-hr,25,1.22,30.99
kingsbury,38.9635,-119.8961,2-hr,50,1.4,35.56
kingsbury,38.9635,-119.8961,2-hr,100,1.61,40.89
kingsbury,38.9635,-119.8961,2-hr,200,1.86,47.24
kingsbury,38.9635,-119.8961,2-hr,500,2.28,57.91
kingsbury,38.9635,-119.8961,2-hr,1000,2.7,68.58
kingsbury,38.9635,-119.8961,3-hr,1,0.695,17.65
kingsbury,38.9635,-119.8961,3-hr,2,0.86,21.84
kingsbury,38.9635,-119.8961,3-hr,5,1.05,26.67
kingsbury,38.9635,-119.8961,3-hr,10,1.21,30.73
kingsbury,38.9635,-119.8961,3-hr,25,1.43,36.32
kingsbury,38.9635,-119.8961,3-hr,50,1.61,40.89
kingsbury,38.9635,-119.8961,3-hr,100,1.8,45.72
kingsbury,38.9635,-119.8961,3-hr,200,2.04,51.82
kingsbury,38.9635,-119.8961,3-hr,500,2.43,61.72
kingsbury,38.9635,-119.8961,3-hr,1000,2.84,72.14
kingsbury,38.9635,-119.8961,6-hr,1,1.08,27.43
kingsbury,38.9635,-119.8961,6-hr,2,1.34,34.04
kingsbury,38.9635,-119.8961,6-hr,5,1.62,41.15
kingsbury,38.9635,-119.8961,6-hr,10,1.84,46.74
kingsbury,38.9635,-119.8961,6-hr,25,2.13,54.1
kingsbury,38.9635,-119.8961,6-hr,50,2.36,59.94
kingsbury,38.9635,-119.8961,6-hr,100,2.57,65.28
kingsbury,38.9635,-119.8961,6-hr,200,2.81,71.37
kingsbury,38.9635,-119.8961,6-hr,500,3.11,78.99
kingsbury,38.9635,-119.8961,6-hr,1000,3.36,85.34
kingsbury,38.9635,-119.8961,12-hr,1,1.6,40.64
kingsbury,38.9635,-119.8961,12-hr,2,2.0,50.8
kingsbury,38.9635,-119.8961,12-hr,5,2.46,62.48
kingsbury,38.9635,-119.8961,12-hr,10,2.84,72.14
kingsbury,38.9635,-119.8961,12-hr,25,3.35,85.09
kingsbury,38.9635,-119.8961,12-hr,50,3.73,94.74
kingsbury,38.9635,-119.8961,12-hr,100,4.13,104.9
kingsbury,38.9635,-119.8961,12-hr,200,4.52,114.81
kingsbury,38.9635,-119.8961,12-hr,500,5.03,127.76
kingsbury,38.9635,-119.8961,12-hr,1000,5.4,137.16
kingsbury,38.9635,-119.8961,24-hr,1,2.21,56.13
kingsbury,38.9635,-119.8961,24-hr,2,2.76,70.1
kingsbury,38.9635,-119.8961,24-hr,5,3.44,87.38
kingsbury,38.9635,-119.8961,24-hr,10,3.99,101.35
kingsbury,38.9635,-119.8961,24-hr,25,4.76,120.9
kingsbury,38.9635,-119.8961,24-hr,50,5.36,136.14
kingsbury,38.9635,-119.8961,24-hr,100,5.98,151.89
kingsbury,38.9635,-119.8961,24-hr,200,6.62,168.15
kingsbury,38.9635,-119.8961,24-hr,500,7.5,190.5
kingsbury,38.9635,-119.8961,24-hr,1000,8.19,208.03
kingsbury,38.9635,-119.8961,2-day,1,2.84,72.14
kingsbury,38.9635,-119.8961,2-day,2,3.58,90.93
kingsbury,38.9635,-119.8961,2-day,5,4.58,116.33
kingsbury,38.9635,-119.8961,2-day,10,5.41,137.41
kingsbury,38.9635,-119.8961,2-day,25,6.61,167.89
kingsbury,38.9635,-119.8961,2-day,50,7.59,192.79
kingsbury,38.9635,-119.8961,2-day,100,8.64,219.46
kingsbury,38.9635,-119.8961,2-day,200,9.76,247.9
kingsbury,38.9635,-119.8961,2-day,500,11.4,289.56
kingsbury,38.9635,-119.8961,2-day,1000,12.7,322.58
kingsbury,38.9635,-119.8961,3-day,1,3.23,82.04
kingsbury,38.9635,-119.8961,3-day,2,4.09,103.89
kingsbury,38.9635,-119.8961,3-day,5,5.31,134.87
kingsbury,38.9635,-119.8961,3-day,10,6.33,160.78
kingsbury,38.9635,-119.8961,3-day,25,7.78,197.61
kingsbury,38.9635,-119.8961,3-day,50,8.97,227.84
kingsbury,38.9635,-119.8961,3-day,100,10.2,259.08
kingsbury,38.9635,-119.8961,3-day,200,11.6,294.64
kingsbury,38.9635,-119.8961,3-day,500,13.6,345.44
kingsbury,38.9635,-119.8961,3-day,1000,15.1,383.54
kingsbury,38.9635,-119.8961,4-day,1,3.61,91.69
kingsbury,38.9635,-119.8961,4-day,2,4.6,116.84
kingsbury,38.9635,-119.8961,4-day,5,6.05,153.67
kingsbury,38.9635,-119.8961,4-day,10,7.24,183.9
kingsbury,38.9635,-119.8961,4-day,25,8.95,227.33
kingsbury,38.9635,-119.8961,4-day,50,10.3,261.62
kingsbury,38.9635,-119.8961,4-day,100,11.8,299.72
kingsbury,38.9635,-119.8961,4-day,200,13.4,340.36
kingsbury,38.9635,-119.8961,4-day,500,15.7,398.78
kingsbury,38.9635,-119.8961,4-day,1000,17.6,447.04
kingsbury,38.9635,-119.8961,7-day,1,4.36,110.74
kingsbury,38.9635,-119.8961,7-day,2,5.59,141.99
kingsbury,38.9635,-119.8961,7-day,5,7.39,187.71
kingsbury,38.9635,-119.8961,7-day,10,8.84,224.54
kingsbury,38.9635,-119.8961,7-day,25,10.9,276.86
kingsbury,38.9635,-119.8961,7-day,50,12.5,317.5
kingsbury,38.9635,-119.8961,7-day,100,14.3,363.22
kingsbury,38.9635,-119.8961,7-day,200,16.2,411.48
kingsbury,38.9635,-119.8961,7-day,500,18.8,477.52
kingsbury,38.9635,-119.8961,7-day,1000,20.9,530.86
kingsbury,38.9635,-119.8961,10-day,1,5.09,129.29
kingsbury,38.9635,-119.8961,10-day,2,6.52,165.61
kingsbury,38.9635,-119.8961,10-day,5,8.58,217.93
kingsbury,38.9635,-119.8961,10-day,10,10.2,259.08
kingsbury,38.9635,-119.8961,10-day,25,12.5,317.5
kingsbury,38.9635,-119.8961,10-day,50,14.2,360.68
kingsbury,38.9635,-119.8961,10-day,100,16.1,408.94
kingsbury,38.9635,-119.8961,10-day,200,18.0,457.2
kingsbury,38.9635,-119.8961,10-day,500,20.7,525.78
kingsbury,38.9635,-119.8961,10-day,1000,22.9,581.66
kingsbury,38.9635,-119.8961,20-day,1,6.94,176.28
kingsbury,38.9635,-119.8961,20-day,2,8.88,225.55
kingsbury,38.9635,-119.8961,20-day,5,11.6,294.64
kingsbury,38.9635,-119.8961,20-day,10,13.6,345.44
kingsbury,38.9635,-119.8961,20-day,25,16.3,414.02
kingsbury,38.9635,-119.8961,20-day,50,18.4,467.36
kingsbury,38.9635,-119.8961,20-day,100,20.5,520.7
kingsbury,38.9635,-119.8961,20-day,200,22.7,576.58
kingsbury,38.9635,-119.8961,20-day,500,25.6,650.24
kingsbury,38.9635,-119.8961,20-day,1000,27.8,706.12
kingsbury,38.9635,-119.8961,30-day,1,8.45,214.63
kingsbury,38.9635,-119.8961,30-day,2,10.8,274.32
kingsbury,38.9635,-119.8961,30-day,5,14.1,358.14
kingsbury,38.9635,-119.8961,30-day,10,16.6,421.64
kingsbury,38.9635,-119.8961,30-day,25,20.0,508.0
kingsbury,38.9635,-119.8961,30-day,50,22.5,571.5
kingsbury,38.9635,-119.8961,30-day,100,25.1,637.54
kingsbury,38.9635,-119.8961,30-day,200,27.8,706.12
kingsbury,38.9635,-119.8961,30-day,500,31.3,795.02
kingsbury,38.9635,-119.8961,30-day,1000,34.1,866.14
kingsbury,38.9635,-119.8961,45-day,1,10.4,264.16
kingsbury,38.9635,-119.8961,45-day,2,13.4,340.36
kingsbury,38.9635,-119.8961,45-day,5,17.4,441.96
kingsbury,38.9635,-119.8961,45-day,10,20.5,520.7
kingsbury,38.9635,-119.8961,45-day,25,24.4,619.76
kingsbury,38.9635,-119.8961,45-day,50,27.5,698.5
kingsbury,38.9635,-119.8961,45-day,100,30.5,774.7
kingsbury,38.9635,-119.8961,45-day,200,33.6,853.44
kingsbury,38.9635,-119.8961,45-day,500,37.6,955.04
kingsbury,38.9635,-119.8961,45-day,1000,40.8,1036.32
kingsbury,38.9635,-119.8961,60-day,1,12.0,304.8
kingsbury,38.9635,-119.8961,60-day,2,15.5,393.7
kingsbury,38.9635,-119.8961,60-day,5,20.3,515.62
kingsbury,38.9635,-119.8961,60-day,10,23.6,599.44
kingsbury,38.9635,-119.8961,60-day,25,27.9,708.66
kingsbury,38.9635,-119.8961,60-day,50,31.1,789.94
kingsbury,38.9635,-119.8961,60-day,100,34.1,866.14
kingsbury,38.9635,-119.8961,60-day,200,37.2,944.88
kingsbury,38.9635,-119.8961,60-day,500,41.0,1041.4
kingsbury,38.9635,-119.8961,60-day,1000,43.9,1115.06
brockway_summit,39.2609,-120.07,5-min,1,0.151,3.84
brockway_summit,39.2609,-120.07,5-min,2,0.192,4.88
brockway_summit,39.2609,-120.07,5-min,5,0.25,6.35
brockway_summit,39.2609,-120.07,5-min,10,0.302,7.67
brockway_summit,39.2609,-120.07,5-min,25,0.381,9.68
brockway_summit,39.2609,-120.07,5-min,50,0.45,11.43
brockway_summit,39.2609,-120.07,5-min,100,0.528,13.41
brockway_summit,39.2609,-120.07,5-min,200,0.618,15.7
brockway_summit,39.2609,-120.07,5-min,500,0.759,19.28
brockway_summit,39.2609,-120.07,5-min,1000,0.886,22.5
brockway_summit,39.2609,-120.07,10-min,1,0.217,5.51
brockway_summit,39.2609,-120.07,10-min,2,0.275,6.99
brockway_summit,39.2609,-120.07,10-min,5,0.358,9.09
brockway_summit,39.2609,-120.07,10-min,10,0.432,10.97
brockway_summit,39.2609,-120.07,10-min,25,0.546,13.87
brockway_summit,39.2609,-120.07,10-min,50,0.645,16.38
brockway_summit,39.2609,-120.07,10-min,100,0.756,19.2
brockway_summit,39.2609,-120.07,10-min,200,0.886,22.5
brockway_summit,39.2609,-120.07,10-min,500,1.09,27.69
brockway_summit,39.2609,-120.07,10-min,1000,1.27,32.26
brockway_summit,39.2609,-120.07,15-min,1,0.262,6.65
brockway_summit,39.2609,-120.07,15-min,2,0.332,8.43
brockway_summit,39.2609,-120.07,15-min,5,0.433,11.0
brockway_summit,39.2609,-120.07,15-min,10,0.523,13.28
brockway_summit,39.2609,-120.07,15-min,25,0.66,16.76
brockway_summit,39.2609,-120.07,15-min,50,0.779,19.79
brockway_summit,39.2609,-120.07,15-min,100,0.915,23.24
brockway_summit,39.2609,-120.07,15-min,200,1.07,27.18
brockway_summit,39.2609,-120.07,15-min,500,1.32,33.53
brockway_summit,39.2609,-120.07,15-min,1000,1.54,39.12
brockway_summit,39.2609,-120.07,30-min,1,0.331,8.41
brockway_summit,39.2609,-120.07,30-min,2,0.419,10.64
brockway_summit,39.2609,-120.07,30-min,5,0.546,13.87
brockway_summit,39.2609,-120.07,30-min,10,0.66,16.76
brockway_summit,39.2609,-120.07,30-min,25,0.833,21.16
brockway_summit,39.2609,-120.07,30-min,50,0.984,24.99
brockway_summit,39.2609,-120.07,30-min,100,1.16,29.46
brockway_summit,39.2609,-120.07,30-min,200,1.35,34.29
brockway_summit,39.2609,-120.07,30-min,500,1.66,42.16
brockway_summit,39.2609,-120.07,30-min,1000,1.94,49.28
brockway_summit,39.2609,-120.07,60-min,1,0.451,11.46
brockway_summit,39.2609,-120.07,60-min,2,0.571,14.5
brockway_summit,39.2609,-120.07,60-min,5,0.744,18.9
brockway_summit,39.2609,-120.07,60-min,10,0.899,22.83
brockway_summit,39.2609,-120.07,60-min,25,1.14,28.96
brockway_summit,39.2609,-120.07,60-min,50,1.34,34.04
brockway_summit,39.2609,-120.07,60-min,100,1.57,39.88
brockway_summit,39.2609,-120.07,60-min,200,1.84,46.74
brockway_summit,39.2609,-120.07,60-min,500,2.26,57.4
brockway_summit,39.2609,-120.07,60-min,1000,2.64,67.06
brockway_summit,39.2609,-120.07,2-hr,1,0.625,15.88
brockway_summit,39.2609,-120.07,2-hr,2,0.78,19.81
brockway_summit,39.2609,-120.07,2-hr,5,1.0,25.4
brockway_summit,39.2609,-120.07,2-hr,10,1.2,30.48
brockway_summit,39.2609,-120.07,2-hr,25,1.51,38.35
brockway_summit,39.2609,-120.07,2-hr,50,1.77,44.96
brockway_summit,39.2609,-120.07,2-hr,100,2.06,52.32
brockway_summit,39.2609,-120.07,2-hr,200,2.39,60.71
brockway_summit,39.2609,-120.07,2-hr,500,2.9,73.66
brockway_summit,39.2609,-120.07,2-hr,1000,3.34,84.84
brockway_summit,39.2609,-120.07,3-hr,1,0.781,19.84
brockway_summit,39.2609,-120.07,3-hr,2,0.965,24.51
brockway_summit,39.2609,-120.07,3-hr,5,1.23,31.24
brockway_summit,39.2609,-120.07,3-hr,10,1.47,37.34
brockway_summit,39.2609,-120.07,3-hr,25,1.83,46.48
brockway_summit,39.2609,-120.07,3-hr,50,2.13,54.1
brockway_summit,39.2609,-120.07,3-hr,100,2.47,62.74
brockway_summit,39.2609,-120.07,3-hr,200,2.86,72.64
brockway_summit,39.2609,-120.07,3-hr,500,3.44,87.38
brockway_summit,39.2609,-120.07,3-hr,1000,3.94,100.08
brockway_summit,39.2609,-120.07,6-hr,1,1.17,29.72
brockway_summit,39.2609,-120.07,6-hr,2,1.43,36.32
brockway_summit,39.2609,-120.07,6-hr,5,1.8,45.72
brockway_summit,39.2609,-120.07,6-hr,10,2.13,54.1
brockway_summit,39.2609,-120.07,6-hr,25,2.62,66.55
brockway_summit,39.2609,-120.07,6-hr,50,3.03,76.96
brockway_summit,39.2609,-120.07,6-hr,100,3.48,88.39
brockway_summit,39.2609,-120.07,6-hr,200,3.99,101.35
brockway_summit,39.2609,-120.07,6-hr,500,4.75,120.65
brockway_summit,39.2609,-120.07,6-hr,1000,5.4,137.16
brockway_summit,39.2609,-120.07,12-hr,1,1.73,43.94
brockway_summit,39.2609,-120.07,12-hr,2,2.13,54.1
brockway_summit,39.2609,-120.07,12-hr,5,2.68,68.07
brockway_summit,39.2609,-120.07,12-hr,10,3.15,80.01
brockway_summit,39.2609,-120.07,12-hr,25,3.84,97.54
brockway_summit,39.2609,-120.07,12-hr,50,4.41,112.01
brockway_summit,39.2609,-120.07,12-hr,100,5.02,127.51
brockway_summit,39.2609,-120.07,12-hr,200,5.69,144.53
brockway_summit,39.2609,-120.07,12-hr,500,6.67,169.42
brockway_summit,39.2609,-120.07,12-hr,1000,7.48,189.99
brockway_summit,39.2609,-120.07,24-hr,1,2.54,64.52
brockway_summit,39.2609,-120.07,24-hr,2,3.18,80.77
brockway_summit,39.2609,-120.07,24-hr,5,4.05,102.87
brockway_summit,39.2609,-120.07,24-hr,10,4.78,121.41
brockway_summit,39.2609,-120.07,24-hr,25,5.82,147.83
brockway_summit,39.2609,-120.07,24-hr,50,6.65,168.91
brockway_summit,39.2609,-120.07,24-hr,100,7.52,191.01
brockway_summit,39.2609,-120.07,24-hr,200,8.46,214.88
brockway_summit,39.2609,-120.07,24-hr,500,9.8,248.92
brockway_summit,39.2609,-120.07,24-hr,1000,10.9,276.86
brockway_summit,39.2609,-120.07,2-day,1,3.48,88.39
brockway_summit,39.2609,-120.07,2-day,2,4.44,112.78
brockway_summit,39.2609,-120.07,2-day,5,5.73,145.54
brockway_summit,39.2609,-120.07,2-day,10,6.82,173.23
brockway_summit,39.2609,-120.07,2-day,25,8.36,212.34
brockway_summit,39.2609,-120.07,2-day,50,9.59,243.59
brockway_summit,39.2609,-120.07,2-day,100,10.9,276.86
brockway_summit,39.2609,-120.07,2-day,200,12.3,312.42
brockway_summit,39.2609,-120.07,2-day,500,14.2,360.68
brockway_summit,39.2609,-120.07,2-day,1000,15.8,401.32
brockway_summit,39.2609,-120.07,3-day,1,4.05,102.87
brockway_summit,39.2609,-120.07,3-day,2,5.21,132.33
brockway_summit,39.2609,-120.07,3-day,5,6.81,172.97
brockway_summit,39.2609,-120.07,3-day,10,8.16,207.26
brockway_summit,39.2609,-120.07,3-day,25,10.1,256.54
brockway_summit,39.2609,-120.07,3-day,50,11.6,294.64
brockway_summit,39.2609,-120.07,3-day,100,13.2,335.28
brockway_summit,39.2609,-120.07,3-day,200,15.0,381.0
brockway_summit,39.2609,-120.07,3-day,500,17.5,444.5
brockway_summit,39.2609,-120.07,3-day,1000,19.5,495.3
brockway_summit,39.2609,-120.07,4-day,1,4.47,113.54
brockway_summit,39.2609,-120.07,4-day,2,5.8,147.32
brockway_summit,39.2609,-120.07,4-day,5,7.62,193.55
brockway_summit,39.2609,-120.07,4-day,10,9.17,232.92
brockway_summit,39.2609,-120.07,4-day,25,11.4,289.56
brockway_summit,39.2609,-120.07,4-day,50,13.1,332.74
brockway_summit,39.2609,-120.07,4-day,100,15.0,381.0
brockway_summit,39.2609,-120.07,4-day,200,17.0,431.8
brockway_summit,39.2609,-120.07,4-day,500,19.9,505.46
brockway_summit,39.2609,-120.07,4-day,1000,22.3,566.42
brockway_summit,39.2609,-120.07,7-day,1,5.33,135.38
brockway_summit,39.2609,-120.07,7-day,2,6.97,177.04
brockway_summit,39.2609,-120.07,7-day,5,9.21,233.93
brockway_summit,39.2609,-120.07,7-day,10,11.1,281.94
brockway_summit,39.2609,-120.07,7-day,25,13.8,350.52
brockway_summit,39.2609,-120.07,7-day,50,16.0,406.4
brockway_summit,39.2609,-120.07,7-day,100,18.3,464.82
brockway_summit,39.2609,-120.07,7-day,200,20.8,528.32
brockway_summit,39.2609,-120.07,7-day,500,24.3,617.22
brockway_summit,39.2609,-120.07,7-day,1000,27.2,690.88
brockway_summit,39.2609,-120.07,10-day,1,6.07,154.18
brockway_summit,39.2609,-120.07,10-day,2,7.96,202.18
brockway_summit,39.2609,-120.07,10-day,5,10.5,266.7
brockway_summit,39.2609,-120.07,10-day,10,12.7,322.58
brockway_summit,39.2609,-120.07,10-day,25,15.8,401.32
brockway_summit,39.2609,-120.07,10-day,50,18.3,464.82
brockway_summit,39.2609,-120.07,10-day,100,20.9,530.86
brockway_summit,39.2609,-120.07,10-day,200,23.7,601.98
brockway_summit,39.2609,-120.07,10-day,500,27.7,703.58
brockway_summit,39.2609,-120.07,10-day,1000,30.9,784.86
brockway_summit,39.2609,-120.07,20-day,1,8.18,207.77
brockway_summit,39.2609,-120.07,20-day,2,10.8,274.32
brockway_summit,39.2609,-120.07,20-day,5,14.3,363.22
brockway_summit,39.2609,-120.07,20-day,10,17.2,436.88
brockway_summit,39.2609,-120.07,20-day,25,21.3,541.02
brockway_summit,39.2609,-120.07,20-day,50,24.4,619.76
brockway_summit,39.2609,-120.07,20-day,100,27.8,706.12
brockway_summit,39.2609,-120.07,20-day,200,31.3,795.02
brockway_summit,39.2609,-120.07,20-day,500,36.2,919.48
brockway_summit,39.2609,-120.07,20-day,1000,40.1,1018.54
brockway_summit,39.2609,-120.07,30-day,1,10.0,254.0
brockway_summit,39.2609,-120.07,30-day,2,13.2,335.28
brockway_summit,39.2609,-120.07,30-day,5,17.5,444.5
brockway_summit,39.2609,-120.07,30-day,10,20.9,530.86
brockway_summit,39.2609,-120.07,30-day,25,25.7,652.78
brockway_summit,39.2609,-120.07,30-day,50,29.4,746.76
brockway_summit,39.2609,-120.07,30-day,100,33.2,843.28
brockway_summit,39.2609,-120.07,30-day,200,37.2,944.88
brockway_summit,39.2609,-120.07,30-day,500,42.7,1084.58
brockway_summit,39.2609,-120.07,30-day,1000,47.0,1193.8
brockway_summit,39.2609,-120.07,45-day,1,12.5,317.5
brockway_summit,39.2609,-120.07,45-day,2,16.4,416.56
brockway_summit,39.2609,-120.07,45-day,5,21.5,546.1
brockway_summit,39.2609,-120.07,45-day,10,25.6,650.24
brockway_summit,39.2609,-120.07,45-day,25,31.1,789.94
brockway_summit,39.2609,-120.07,45-day,50,35.4,899.16
brockway_summit,39.2609,-120.07,45-day,100,39.7,1008.38
brockway_summit,39.2609,-120.07,45-day,200,44.1,1120.14
brockway_summit,39.2609,-120.07,45-day,500,50.0,1270.0
brockway_summit,39.2609,-120.07,45-day,1000,54.7,1389.38
brockway_summit,39.2609,-120.07,60-day,1,14.8,375.92
brockway_summit,39.2609,-120.07,60-day,2,19.3,490.22
brockway_summit,39.2609,-120.07,60-day,5,25.1,637.54
brockway_summit,39.2609,-120.07,60-day,10,29.7,754.38
brockway_summit,39.2609,-120.07,60-day,25,35.8,909.32
brockway_summit,39.2609,-120.07,60-day,50,40.4,1026.16
brockway_summit,39.2609,-120.07,60-day,100,44.9,1140.46
brockway_summit,39.2609,-120.07,60-day,200,49.6,1259.84
brockway_summit,39.2609,-120.07,60-day,500,55.7,1414.78
brockway_summit,39.2609,-120.07,60-day,1000,60.5,1536.7
