region,weight
HexGrid_10087,1.0
HexGrid_10088,1.0
HexGrid_10089,1.0
HexGrid_10090,1.0
HexGrid_10091,1.1616161616161615
HexGrid_10092,1.0
HexGrid_10093,1.0
HexGrid_10094,1.0
HexGrid_10095,1.0
HexGrid_10096,1.0
HexGrid_10097,1.0
HexGrid_10098,1.0
HexGrid_10099,1.0
HexGrid_10100,1.0
HexGrid_10101,1.0
HexGrid_10102,1.0
HexGrid_10103,1.0
HexGrid_10104,1.0
HexGrid_10105,1.0
HexGrid_10106,1.0
HexGrid_10107,1.1322314049586777
HexGrid_10108,1.0
HexGrid_10109,1.0
HexGrid_10110,1.0
HexGrid_10111,1.103896103896104
HexGrid_10112,1.0
HexGrid_10113,1.0
HexGrid_10114,1.121212121212121
HexGrid_10115,1.0
HexGrid_10116,1.0
HexGrid_10117,1.1322314049586777
HexGrid_10118,1.0
HexGrid_10119,1.0
HexGrid_10120,1.0
HexGrid_10121,1.323232323232323
HexGrid_10122,1.0
HexGrid_10123,1.0
HexGrid_10124,1.0
HexGrid_10125,1.0
HexGrid_10126,1.290909090909091
HexGrid_10127,1.4848484848484849
HexGrid_10128,1.0
HexGrid_10129,1.0
HexGrid_10130,1.0
HexGrid_10131,1.0
HexGrid_10132,1.0
HexGrid_10133,1.2644628099173554
HexGrid_10134,1.290909090909091
HexGrid_10135,1.0
HexGrid_10136,1.0
HexGrid_10137,1.0
HexGrid_10138,1.1818181818181819
HexGrid_10139,1.1818181818181819
HexGrid_10140,1.0
HexGrid_10141,1.0
HexGrid_10142,1.0
HexGrid_10143,1.0
HexGrid_10144,1.0
HexGrid_10145,1.0
HexGrid_10146,1.0
HexGrid_10147,1.0
HexGrid_10148,1.0
HexGrid_10149,1.0
HexGrid_10150,1.0
HexGrid_10151,1.0
HexGrid_10152,1.0
HexGrid_10153,1.0
HexGrid_10154,1.0
HexGrid_10155,1.0
HexGrid_10156,1.0
HexGrid_10157,1.0
HexGrid_10158,1.0
HexGrid_10159,1.0
HexGrid_10160,1.0
HexGrid_10161,1.0
HexGrid_10162,1.103896103896104
HexGrid_10163,1.121212121212121
HexGrid_10164,1.0
HexGrid_10165,1.0
HexGrid_10166,1.0
HexGrid_10167,1.0
HexGrid_10168,1.0
HexGrid_10169,1.0
HexGrid_10170,1.0
HexGrid_10171,1.0
HexGrid_10172,1.0
HexGrid_10173,1.0909090909090908
HexGrid_10174,1.0
HexGrid_10175,1.0
HexGrid_10176,1.0
HexGrid_10177,1.0
HexGrid_10178,1.0
HexGrid_10179,1.0
HexGrid_10180,1.0
HexGrid_10181,1.0
HexGrid_10182,1.121212121212121
HexGrid_10183,1.0
HexGrid_10184,1.0
HexGrid_10185,1.0
HexGrid_10186,1.0
HexGrid_10187,1.0
HexGrid_10188,1.0
HexGrid_10189,1.0
HexGrid_10190,1.0
HexGrid_10191,1.0
HexGrid_10192,1.0
HexGrid_10193,1.0
HexGrid_10194,1.0
HexGrid_10195,1.0
HexGrid_10196,1.0
HexGrid_10197,1.0909090909090908
HexGrid_10198,1.2424242424242424
HexGrid_10199,1.0
HexGrid_10200,1.0
HexGrid_10201,1.0
HexGrid_10202,1.0
HexGrid_10203,1.0
HexGrid_10204,1.0
HexGrid_10205,1.0
HexGrid_10206,1.0
HexGrid_10207,1.0
HexGrid_10208,1.1818181818181819
HexGrid_10209,1.0
HexGrid_10210,1.0
HexGrid_10211,1.0
HexGrid_10212,1.0
HexGrid_10213,1.0
HexGrid_10214,1.0
HexGrid_10215,1.0
HexGrid_10216,1.0
HexGrid_10217,1.2644628099173554
HexGrid_10218,1.323232323232323
HexGrid_10219,1.0
HexGrid_10220,1.0
HexGrid_10221,1.0
HexGrid_10222,1.0
HexGrid_10223,1.0
HexGrid_10224,1.290909090909091
HexGrid_10225,1.0
HexGrid_10226,1.2644628099173554
HexGrid_10227,1.2237762237762237
HexGrid_10228,1.2077922077922079
HexGrid_10229,1.2077922077922079
HexGrid_10230,1.3636363636363638
HexGrid_10231,1.3636363636363638
HexGrid_10232,1.1818181818181819
HexGrid_10233,1.323232323232323
HexGrid_10234,1.3636363636363638
HexGrid_10235,1.323232323232323
HexGrid_10236,1.0
HexGrid_10237,1.0
HexGrid_10238,1.1454545454545455
HexGrid_10239,1.3636363636363638
HexGrid_10240,1.0
HexGrid_10241,1.0484848484848486
HexGrid_10242,1.0
HexGrid_10243,1.0
HexGrid_10244,1.0
HexGrid_10245,1.0
HexGrid_10246,1.0
HexGrid_10247,1.0
HexGrid_10248,1.0
HexGrid_10249,1.3636363636363638
HexGrid_10250,1.2727272727272727
HexGrid_10251,1.290909090909091
HexGrid_10252,1.0
HexGrid_10253,1.0
HexGrid_10254,1.0581818181818181
HexGrid_10255,1.0
HexGrid_10256,1.2424242424242424
HexGrid_10257,1.2424242424242424
HexGrid_10258,1.0
HexGrid_10259,1.0581818181818181
HexGrid_10260,1.044077134986226
HexGrid_10261,1.0581818181818181
HexGrid_10262,1.0
HexGrid_10263,1.0
HexGrid_10264,1.0
HexGrid_10265,1.1454545454545455
HexGrid_10266,1.1616161616161615
HexGrid_10267,1.0
HexGrid_10268,1.2237762237762237
HexGrid_10269,1.0
HexGrid_10270,1.0
HexGrid_10271,1.0692640692640694
HexGrid_10272,1.0
HexGrid_10273,1.1818181818181819
HexGrid_10274,1.2077922077922079
HexGrid_10275,1.0
HexGrid_10276,1.0
HexGrid_10277,1.0
HexGrid_10278,1.0
HexGrid_10279,1.0676532769556026
HexGrid_10280,1.0808080808080809
HexGrid_10281,1.0
HexGrid_10282,1.0
HexGrid_10283,1.0
HexGrid_10284,1.1616161616161615
HexGrid_10285,1.0
HexGrid_10286,1.0
HexGrid_10287,1.0
HexGrid_10288,1.0
HexGrid_10289,1.0692640692640694
HexGrid_10290,1.1939393939393939
HexGrid_10291,1.323232323232323
HexGrid_10292,1.3636363636363638
HexGrid_10293,1.0
HexGrid_10294,1.0
HexGrid_10295,1.0727272727272728
HexGrid_10296,1.0727272727272728
HexGrid_10297,1.0
HexGrid_10298,1.0
HexGrid_10299,1.0
HexGrid_10300,1.0
HexGrid_10301,1.0
HexGrid_10302,1.0
HexGrid_10303,1.0
HexGrid_10304,1.0538720538720538
HexGrid_10305,1.2237762237762237
HexGrid_10306,1.290909090909091
HexGrid_10307,1.290909090909091
HexGrid_10308,1.0
HexGrid_10309,1.0
HexGrid_10310,1.0661157024793388
HexGrid_10311,1.0661157024793388
HexGrid_10312,1.103896103896104
HexGrid_10313,1.0
HexGrid_10314,1.0
HexGrid_10315,1.0
HexGrid_10316,1.0
HexGrid_10317,1.0
HexGrid_10318,1.0
HexGrid_10319,1.0
HexGrid_10320,1.0
HexGrid_10321,1.0
HexGrid_10322,1.0
HexGrid_10323,1.0661157024793388
HexGrid_10324,1.2727272727272727
HexGrid_10325,1.30622009569378
HexGrid_10326,1.3636363636363638
HexGrid_10327,1.0
HexGrid_10328,1.0
HexGrid_10329,1.085561497326203
HexGrid_10330,1.0
HexGrid_10331,1.0
HexGrid_10332,1.0
HexGrid_10333,1.0
HexGrid_10334,1.0
HexGrid_10335,1.0
HexGrid_10336,1.0
HexGrid_10337,1.0
HexGrid_10338,1.0692640692640694
HexGrid_10339,1.2644628099173554
HexGrid_10340,1.2727272727272727
HexGrid_10341,1.0
HexGrid_10342,1.0
HexGrid_10343,1.0
HexGrid_10344,1.0
HexGrid_10345,1.0
HexGrid_10346,1.1818181818181819
HexGrid_10347,1.0
HexGrid_10348,1.0
HexGrid_10349,1.290909090909091
HexGrid_10350,1.2424242424242424
HexGrid_10351,1.3636363636363638
HexGrid_10352,1.0
HexGrid_10353,1.0
HexGrid_10354,1.0
HexGrid_10355,1.0
HexGrid_10356,1.0
HexGrid_10357,1.0
HexGrid_10358,1.0
HexGrid_10359,1.0
HexGrid_10360,1.0
HexGrid_10361,1.2424242424242424
HexGrid_10362,1.323232323232323
HexGrid_10363,1.3636363636363638
HexGrid_10364,1.0
HexGrid_10365,1.0
HexGrid_10366,1.0
HexGrid_10367,1.0632411067193677
HexGrid_10368,1.0
HexGrid_10369,1.0
HexGrid_10370,1.0
HexGrid_10371,1.0
HexGrid_10372,1.0
HexGrid_10373,1.0
HexGrid_10374,1.0
HexGrid_10375,1.0
HexGrid_10376,1.3636363636363638
HexGrid_10377,1.0
HexGrid_10378,1.0
HexGrid_10379,1.0
HexGrid_10380,1.0
HexGrid_10381,1.0
HexGrid_10382,1.0
HexGrid_10383,1.0
HexGrid_10384,1.0
HexGrid_10385,1.0
HexGrid_10386,1.0
HexGrid_10387,1.0
HexGrid_10388,1.0
HexGrid_10389,1.0
HexGrid_10390,1.0
HexGrid_10391,1.0
HexGrid_10392,1.0
HexGrid_10393,1.0
HexGrid_10394,1.2237762237762237
HexGrid_10395,1.0
HexGrid_10396,1.0
HexGrid_10397,1.0
HexGrid_10398,1.0
HexGrid_10399,1.0
HexGrid_10400,1.0
HexGrid_10401,1.0
HexGrid_10402,1.0
HexGrid_10403,1.0
HexGrid_10404,1.0
HexGrid_10405,1.0
HexGrid_10406,1.0
HexGrid_10407,1.0
HexGrid_10408,1.0
HexGrid_10409,1.0
HexGrid_10410,1.0
HexGrid_10411,1.0
HexGrid_10412,1.0
HexGrid_10413,1.1818181818181819
HexGrid_10414,1.0
HexGrid_10415,1.0
HexGrid_10416,1.0
HexGrid_10417,1.0727272727272728
HexGrid_10418,1.1818181818181819
HexGrid_10419,1.3636363636363638
HexGrid_10420,1.0
HexGrid_10421,1.0
HexGrid_10422,1.0
HexGrid_10423,1.0
HexGrid_10424,1.2424242424242424
HexGrid_10425,1.3636363636363638
HexGrid_10426,1.2424242424242424
HexGrid_10427,1.2077922077922079
HexGrid_10428,1.2424242424242424
HexGrid_10429,1.290909090909091
HexGrid_10430,1.0
HexGrid_10431,1.0
HexGrid_10432,1.0
HexGrid_10433,1.076555023923445
HexGrid_10434,1.30622009569378
HexGrid_10435,1.0
HexGrid_10436,1.0
HexGrid_10437,1.0
HexGrid_10438,1.0
HexGrid_10439,1.0
HexGrid_10440,1.2077922077922079
HexGrid_10441,1.2077922077922079
HexGrid_10442,1.1818181818181819
HexGrid_10443,1.290909090909091
HexGrid_10444,1.290909090909091
HexGrid_10445,1.0
HexGrid_10446,1.0
HexGrid_10447,1.1118881118881119
HexGrid_10448,1.0
HexGrid_10449,1.0
HexGrid_10450,1.0
HexGrid_10451,1.0
HexGrid_10452,1.2237762237762237
HexGrid_10453,1.0
HexGrid_10454,1.1818181818181819
HexGrid_10455,1.3636363636363638
HexGrid_10456,1.0
HexGrid_10457,1.0
HexGrid_10458,1.0
HexGrid_10459,1.0606060606060606
HexGrid_10460,1.0
HexGrid_10461,1.0
HexGrid_10462,1.0
HexGrid_10463,1.0
HexGrid_10464,1.0
HexGrid_10465,1.0
HexGrid_10466,1.0
HexGrid_10467,1.0
HexGrid_10468,1.0382775119617225
HexGrid_10469,1.0
HexGrid_10470,1.0606060606060606
HexGrid_10471,1.0
HexGrid_10472,1.0
HexGrid_10473,1.0
HexGrid_10474,1.1616161616161615
HexGrid_10475,1.2077922077922079
HexGrid_10476,1.0
HexGrid_10477,1.0
HexGrid_10478,1.0
HexGrid_10479,1.0338266384778012
HexGrid_10480,1.0
HexGrid_10481,1.0661157024793388
HexGrid_10482,1.0
HexGrid_10483,1.0
HexGrid_10484,1.0
HexGrid_10485,1.0
HexGrid_10486,1.0
HexGrid_10487,1.1818181818181819
HexGrid_10488,1.0
HexGrid_10489,1.0
HexGrid_10490,1.0
HexGrid_10491,1.0
HexGrid_10492,1.076555023923445
HexGrid_10493,1.0
HexGrid_10494,1.0
HexGrid_10495,1.0
HexGrid_10496,1.0
HexGrid_10497,1.0
HexGrid_10498,1.290909090909091
HexGrid_10499,1.2424242424242424
HexGrid_10500,1.0
HexGrid_10501,1.0
HexGrid_10502,1.0
HexGrid_10503,1.0
HexGrid_10504,1.0
HexGrid_10505,1.0
HexGrid_10506,1.0
HexGrid_10507,1.2077922077922079
HexGrid_10508,1.1616161616161615
HexGrid_10509,1.0
HexGrid_10510,1.0
HexGrid_10511,1.2424242424242424
HexGrid_10512,1.121212121212121
HexGrid_10513,1.1454545454545455
HexGrid_10514,1.1616161616161615
HexGrid_10515,1.121212121212121
HexGrid_10516,1.0
HexGrid_10517,1.0
HexGrid_10518,1.1322314049586777
HexGrid_10519,1.3636363636363638
HexGrid_10520,1.2424242424242424
HexGrid_10521,1.1616161616161615
HexGrid_10522,1.2272727272727273
HexGrid_10523,1.0
HexGrid_10524,1.0
HexGrid_10525,1.0
HexGrid_10526,1.0
HexGrid_10527,1.0
HexGrid_10528,1.0
HexGrid_10529,1.096969696969697
HexGrid_10530,1.1322314049586777
HexGrid_10531,1.1616161616161615
HexGrid_10532,1.0
HexGrid_10533,1.0
HexGrid_10534,1.0
HexGrid_10535,1.0
HexGrid_10536,1.0
HexGrid_10537,1.0
HexGrid_10538,1.1322314049586777
HexGrid_10539,1.0
HexGrid_10540,1.2195540308747856
HexGrid_10541,1.2272727272727273
HexGrid_10542,1.1939393939393939
HexGrid_10543,1.3324675324675326
HexGrid_10544,1.0
HexGrid_10545,1.0
HexGrid_10546,1.0
HexGrid_10547,1.0
HexGrid_10548,1.0
HexGrid_10549,1.0
HexGrid_10550,1.121212121212121
HexGrid_10551,1.121212121212121
HexGrid_10552,1.1322314049586777
HexGrid_10553,1.103896103896104
HexGrid_10554,1.0
HexGrid_10555,1.1818181818181819
HexGrid_10556,1.0
HexGrid_10557,1.0
HexGrid_10558,1.0
HexGrid_10559,1.0
HexGrid_10560,1.0
HexGrid_10561,1.0
HexGrid_10562,1.0501567398119123
HexGrid_10563,1.085561497326203
HexGrid_10564,1.0570409982174689
HexGrid_10565,1.2181818181818183
HexGrid_10566,1.3272727272727272
HexGrid_10567,1.3460976322712657
HexGrid_10568,1.0
HexGrid_10569,1.0
HexGrid_10570,1.0
HexGrid_10571,1.0
HexGrid_10572,1.1118881118881119
HexGrid_10573,1.1818181818181819
HexGrid_10574,1.1818181818181819
HexGrid_10575,1.0
HexGrid_10576,1.1118881118881119
HexGrid_10577,1.0
HexGrid_10578,1.0
HexGrid_10579,1.0618955512572534
HexGrid_10580,1.0330578512396693
HexGrid_10581,1.0727272727272728
HexGrid_10582,1.3356643356643356
HexGrid_10583,1.0
HexGrid_10584,1.0
HexGrid_10585,1.0
HexGrid_10586,1.0
HexGrid_10587,1.1118881118881119
HexGrid_10588,1.1118881118881119
HexGrid_10589,1.0
HexGrid_10590,1.3636363636363638
HexGrid_10591,1.0
HexGrid_10592,1.28099173553719
HexGrid_10593,1.2679425837320575
HexGrid_10594,1.0497280497280497
HexGrid_10595,1.0
HexGrid_10596,1.0
HexGrid_10597,1.0
HexGrid_10598,1.0
HexGrid_10599,1.0
HexGrid_10600,1.0
HexGrid_10601,1.1711229946524064
HexGrid_10602,1.103896103896104
HexGrid_10603,1.1531100478468899
HexGrid_10604,1.0
HexGrid_10605,1.0
HexGrid_10606,1.0415584415584416
HexGrid_10607,1.1118881118881119
HexGrid_10608,1.1454545454545455
HexGrid_10609,1.290909090909091
HexGrid_10610,1.3085399449035813
HexGrid_10611,1.316205533596838
HexGrid_10612,1.7272727272727273
HexGrid_10613,1.323232323232323
HexGrid_10614,1.387878787878788
HexGrid_10615,1.3636363636363638
HexGrid_10616,1.0
HexGrid_10617,1.0
HexGrid_10618,1.0
HexGrid_10619,1.0
HexGrid_10620,1.1616161616161615
HexGrid_10621,1.0
HexGrid_10622,1.0
HexGrid_10623,1.0
HexGrid_10624,1.0
HexGrid_10625,1.2493506493506494
HexGrid_10626,1.290909090909091
HexGrid_10627,1.2237762237762237
HexGrid_10628,1.290909090909091
HexGrid_10629,1.0
HexGrid_10630,1.387878787878788
HexGrid_10631,1.3409090909090908
HexGrid_10632,1.3422459893048129
HexGrid_10633,1.0
HexGrid_10634,1.0
HexGrid_10635,1.0
HexGrid_10636,1.0
HexGrid_10637,1.0
HexGrid_10638,1.0
HexGrid_10639,1.0
HexGrid_10640,1.0
HexGrid_10641,1.0
HexGrid_10642,1.0484848484848486
HexGrid_10643,1.3041322314049586
HexGrid_10644,1.309477756286267
HexGrid_10645,1.2424242424242424
HexGrid_10646,1.3422459893048129
HexGrid_10647,1.3422459893048129
HexGrid_10648,1.3526170798898072
HexGrid_10649,1.051948051948052
HexGrid_10650,1.0382775119617225
HexGrid_10651,1.0727272727272728
HexGrid_10652,1.0
HexGrid_10653,1.0
HexGrid_10654,1.0
HexGrid_10655,1.0
HexGrid_10656,1.0
HexGrid_10657,1.0
HexGrid_10658,1.0
HexGrid_10659,1.029090909090909
HexGrid_10660,1.0
HexGrid_10661,1.0338266384778012
HexGrid_10662,1.2517482517482517
HexGrid_10663,1.155844155844156
HexGrid_10664,1.155844155844156
HexGrid_10665,1.2597402597402598
HexGrid_10666,1.1745454545454546
HexGrid_10667,1.1572481572481572
HexGrid_10668,1.0
HexGrid_10669,1.055944055944056
HexGrid_10670,1.059369202226345
HexGrid_10671,1.0606060606060606
HexGrid_10672,1.1745454545454546
HexGrid_10673,1.1616161616161615
HexGrid_10674,1.0
HexGrid_10675,1.0
HexGrid_10676,1.0
HexGrid_10677,1.0
HexGrid_10678,1.0
HexGrid_10679,1.0427807486631016
HexGrid_10680,1.0
HexGrid_10681,1.0501567398119123
HexGrid_10682,1.0309477756286267
HexGrid_10683,1.0296846011131726
HexGrid_10684,1.0786240786240786
HexGrid_10685,1.0
HexGrid_10686,1.0
HexGrid_10687,1.12987012987013
HexGrid_10688,1.1430700447093889
HexGrid_10689,1.1531100478468899
HexGrid_10690,1.0
HexGrid_10691,1.1163636363636364
HexGrid_10692,1.0752351097178683
HexGrid_10693,1.0991735537190082
HexGrid_10694,1.1616161616161615
HexGrid_10695,1.1616161616161615
HexGrid_10696,1.165289256198347
HexGrid_10697,1.0
HexGrid_10698,1.0
HexGrid_10699,1.0
HexGrid_10700,1.0
HexGrid_10701,1.0
HexGrid_10702,1.0
HexGrid_10703,1.0
HexGrid_10704,1.0427807486631016
HexGrid_10705,1.0
HexGrid_10706,1.0382775119617225
HexGrid_10707,1.0382775119617225
HexGrid_10708,1.0404040404040404
HexGrid_10709,1.0469208211143695
HexGrid_10710,1.0372960372960374
HexGrid_10711,1.0890538033395176
HexGrid_10712,1.1419068736141906
HexGrid_10713,1.1491841491841492
HexGrid_10714,1.0
HexGrid_10715,1.0
HexGrid_10716,1.0
HexGrid_10717,1.187683284457478
HexGrid_10718,1.1586776859504133
HexGrid_10719,1.1711229946524064
HexGrid_10720,1.1755485893416928
HexGrid_10721,1.1504702194357366
HexGrid_10722,1.0
HexGrid_10723,1.0
HexGrid_10724,1.0
HexGrid_10725,1.0
HexGrid_10726,1.0
HexGrid_10727,1.0
HexGrid_10728,1.0
HexGrid_10729,1.0
HexGrid_10730,1.0
HexGrid_10731,1.0
HexGrid_10732,1.0
HexGrid_10733,1.0
HexGrid_10734,1.0
HexGrid_10735,1.0
HexGrid_10736,1.0
HexGrid_10737,1.051948051948052
HexGrid_10738,1.0581818181818181
HexGrid_10739,1.1398601398601398
HexGrid_10740,1.1322314049586777
HexGrid_10741,1.0
HexGrid_10742,1.0
HexGrid_10743,1.0
HexGrid_10744,1.0
HexGrid_10745,1.0
HexGrid_10746,1.1818181818181819
HexGrid_10747,1.1763085399449036
HexGrid_10748,1.1616161616161615
HexGrid_10749,1.0
HexGrid_10750,1.0
HexGrid_10751,1.0
HexGrid_10752,1.0484848484848486
HexGrid_10753,1.0
HexGrid_10754,1.0
HexGrid_10755,1.0
HexGrid_10756,1.0
HexGrid_10757,1.0
HexGrid_10758,1.0
HexGrid_10759,1.0
HexGrid_10760,1.0
HexGrid_10761,1.0
HexGrid_10762,1.0
HexGrid_10763,1.0
HexGrid_10764,1.0
HexGrid_10765,1.0
HexGrid_10766,1.0
HexGrid_10767,1.0
HexGrid_10768,1.0
HexGrid_10769,1.0
HexGrid_10770,1.0
HexGrid_10771,1.2077922077922079
HexGrid_10772,1.1616161616161615
HexGrid_10773,1.0
HexGrid_10774,1.0745920745920745
HexGrid_10775,1.0991735537190082
HexGrid_10776,1.0484848484848486
HexGrid_10777,1.0
HexGrid_10778,1.0
HexGrid_10779,1.0
HexGrid_10780,1.0
HexGrid_10781,1.0
HexGrid_10782,1.0
HexGrid_10783,1.0
HexGrid_10784,1.0
HexGrid_10785,1.0
HexGrid_10786,1.0
HexGrid_10787,1.0
HexGrid_10788,1.0
HexGrid_10789,1.0
HexGrid_10790,1.0
HexGrid_10791,1.0
HexGrid_10792,1.0
HexGrid_10793,1.3636363636363638
HexGrid_10794,1.0
HexGrid_10795,1.2272727272727273
HexGrid_10796,1.0
HexGrid_10797,1.0909090909090908
HexGrid_10798,1.103896103896104
HexGrid_10799,1.0
HexGrid_10800,1.0
HexGrid_10801,1.0
HexGrid_10802,1.0
HexGrid_10803,1.0
HexGrid_10804,1.0
HexGrid_10805,1.0
HexGrid_10806,1.0
HexGrid_10807,1.0
HexGrid_10808,1.0
HexGrid_10809,1.0692640692640694
HexGrid_10810,1.0
HexGrid_10811,1.1454545454545455
HexGrid_10812,1.1616161616161615
HexGrid_10813,1.1616161616161615
HexGrid_10814,1.0
HexGrid_10815,1.7272727272727273
HexGrid_10816,1.535885167464115
HexGrid_10817,1.4363636363636363
HexGrid_10818,1.096969696969697
HexGrid_10819,1.0
HexGrid_10820,1.0
HexGrid_10821,1.1983471074380165
HexGrid_10822,1.0
HexGrid_10823,1.290909090909091
HexGrid_10824,1.0
HexGrid_10825,1.0
HexGrid_10826,1.0
HexGrid_10827,1.0
HexGrid_10828,1.0
HexGrid_10829,1.0
HexGrid_10830,1.0
HexGrid_10831,1.0
HexGrid_10832,1.0
HexGrid_10833,1.0
HexGrid_10834,1.0
HexGrid_10835,1.0
HexGrid_10836,1.0
HexGrid_10837,1.1385281385281385
HexGrid_10838,1.1864801864801864
HexGrid_10839,1.1897233201581028
HexGrid_10840,1.0
HexGrid_10841,1.2077922077922079
HexGrid_10842,1.1818181818181819
HexGrid_10843,1.121212121212121
HexGrid_10844,1.9486166007905137
HexGrid_10845,1.0909090909090908
HexGrid_10846,1.0
HexGrid_10847,1.0
HexGrid_10848,1.0469208211143695
HexGrid_10849,1.167832167832168
HexGrid_10850,1.0
HexGrid_10851,1.1818181818181819
HexGrid_10852,1.0
HexGrid_10853,1.0
HexGrid_10854,1.0
HexGrid_10855,1.0
HexGrid_10856,1.0
HexGrid_10857,1.0
HexGrid_10858,1.0
HexGrid_10859,1.1292929292929292
HexGrid_10860,1.1773835920177382
HexGrid_10861,1.106430155210643
HexGrid_10862,1.2644628099173554
HexGrid_10863,1.2424242424242424
HexGrid_10864,1.2424242424242424
HexGrid_10865,1.2529644268774702
HexGrid_10866,1.1454545454545455
HexGrid_10867,1.937799043062201
HexGrid_10868,1.1983471074380165
HexGrid_10869,1.0865800865800865
HexGrid_10870,1.0
HexGrid_10871,1.1818181818181819
HexGrid_10872,1.1531100478468899
HexGrid_10873,1.1939393939393939
HexGrid_10874,1.2181818181818183
HexGrid_10875,1.2493506493506494
HexGrid_10876,1.323232323232323
HexGrid_10877,1.0
HexGrid_10878,1.0
HexGrid_10879,1.0
HexGrid_10880,1.0
HexGrid_10881,1.0
HexGrid_10882,1.0196560196560196
HexGrid_10883,1.0
HexGrid_10884,1.2424242424242424
HexGrid_10885,1.2483370288248337
HexGrid_10886,1.2154882154882154
HexGrid_10887,1.0
HexGrid_10888,1.1531100478468899
HexGrid_10889,2.0
HexGrid_10890,1.135306553911205
HexGrid_10891,1.0326864147088866
HexGrid_10892,1.2968460111317255
HexGrid_10893,1.1818181818181819
HexGrid_10894,1.1818181818181819
HexGrid_10895,1.2424242424242424
HexGrid_10896,1.1818181818181819
HexGrid_10897,1.396694214876033
HexGrid_10898,1.3636363636363638
HexGrid_10899,1.0
HexGrid_10900,1.0
HexGrid_10901,1.0
HexGrid_10902,1.0
HexGrid_10903,1.0
HexGrid_10904,1.0
HexGrid_10905,1.0
HexGrid_10906,1.0
HexGrid_10907,1.0
HexGrid_10908,1.0
HexGrid_10909,1.2424242424242424
HexGrid_10910,1.2461538461538462
HexGrid_10911,1.290909090909091
HexGrid_10912,1.0
HexGrid_10913,1.0
HexGrid_10914,1.5
HexGrid_10915,1.0
HexGrid_10916,1.1407624633431084
HexGrid_10917,1.3687580025608195
HexGrid_10918,1.1927710843373494
HexGrid_10919,1.1322314049586777
HexGrid_10920,1.0
HexGrid_10921,1.3490909090909091
HexGrid_10922,1.3636363636363638
HexGrid_10923,1.3636363636363638
HexGrid_10924,1.4848484848484849
HexGrid_10925,1.0
HexGrid_10926,1.0
HexGrid_10927,1.0
HexGrid_10928,1.0
HexGrid_10929,1.4848484848484849
HexGrid_10930,1.0
HexGrid_10931,1.0
HexGrid_10932,1.0
HexGrid_10933,1.0
HexGrid_10934,1.0727272727272728
HexGrid_10935,1.3284457478005864
HexGrid_10936,1.3482714468629962
HexGrid_10937,1.2203856749311295
HexGrid_10938,1.2838137472283813
HexGrid_10939,1.323232323232323
HexGrid_10940,1.3463203463203464
HexGrid_10941,1.4848484848484849
HexGrid_10942,1.0
HexGrid_10943,1.0
HexGrid_10944,1.0
HexGrid_10945,1.0
HexGrid_10946,1.0
HexGrid_10947,1.0
HexGrid_10948,1.0
HexGrid_10949,1.0
HexGrid_10950,1.3538083538083538
HexGrid_10951,1.2493506493506494
HexGrid_10952,1.2337662337662338
HexGrid_10953,1.3636363636363638
HexGrid_10954,1.3356643356643356
HexGrid_10955,1.0
HexGrid_10956,1.0
HexGrid_10957,1.0
HexGrid_10958,1.0
HexGrid_10959,1.0
HexGrid_10960,1.0
HexGrid_10961,1.0
HexGrid_10962,1.0
HexGrid_10963,1.0
HexGrid_10964,1.2162162162162162
HexGrid_10965,1.3072983354673495
HexGrid_10966,1.3526170798898072
HexGrid_10967,1.0
HexGrid_10968,1.0
HexGrid_10969,1.0
HexGrid_10970,1.2424242424242424
HexGrid_10971,1.3490909090909091
HexGrid_10972,1.0
HexGrid_10973,1.0
HexGrid_10974,1.0
HexGrid_10975,1.0
HexGrid_10976,1.103896103896104
HexGrid_10977,1.0
HexGrid_10978,1.323232323232323
HexGrid_10979,1.0
HexGrid_10980,1.0
HexGrid_10981,1.0
HexGrid_10982,1.1616161616161615
HexGrid_10983,1.121212121212121
HexGrid_10984,1.0
HexGrid_10985,1.0
HexGrid_10986,1.0
HexGrid_10987,1.0
HexGrid_10988,1.1818181818181819
HexGrid_10989,1.0
HexGrid_10990,1.0
HexGrid_10991,1.0
HexGrid_10992,1.0
HexGrid_10993,1.0
HexGrid_10994,1.0
HexGrid_10995,1.0
HexGrid_10996,1.0
HexGrid_10997,1.0
HexGrid_10998,1.0
HexGrid_10999,1.0
HexGrid_11000,1.0
HexGrid_11001,1.0
HexGrid_11002,1.0
HexGrid_11003,1.0
HexGrid_11004,1.0
HexGrid_11005,1.0
HexGrid_11006,1.0
HexGrid_11007,1.0
HexGrid_11008,1.0
HexGrid_11009,1.0
HexGrid_11010,1.0
HexGrid_11011,1.0
HexGrid_11012,1.0
HexGrid_11013,1.0
HexGrid_11014,1.0
HexGrid_11015,1.0
HexGrid_11016,1.0
HexGrid_11017,1.0
HexGrid_11018,1.0
HexGrid_11019,1.0
HexGrid_11020,1.0
HexGrid_11021,1.0
HexGrid_11022,1.0
HexGrid_11023,1.0
HexGrid_11024,1.0
HexGrid_11025,1.0
HexGrid_11026,1.0
HexGrid_11027,1.0
HexGrid_11028,1.0
HexGrid_11029,1.250783699059561
HexGrid_11030,1.2384500745156481
HexGrid_11031,1.2237762237762237
HexGrid_11032,1.0
HexGrid_11033,1.0
HexGrid_11034,1.0
HexGrid_11035,1.0
HexGrid_11036,1.0
HexGrid_11037,1.0
HexGrid_11038,1.0
HexGrid_11039,1.0
HexGrid_11040,1.0
HexGrid_11041,1.0
HexGrid_11042,1.0
HexGrid_11043,1.0
HexGrid_11044,1.0
HexGrid_11045,1.0
HexGrid_11046,1.0
HexGrid_11047,1.290909090909091
HexGrid_11048,1.0
HexGrid_11049,1.2288049029622063
HexGrid_11050,1.234206471494607
HexGrid_11051,1.0
HexGrid_11052,1.0
HexGrid_11053,1.0
HexGrid_11054,1.0
HexGrid_11055,1.0
HexGrid_11056,1.0
HexGrid_11057,1.0
HexGrid_11058,1.0
HexGrid_11059,1.0
HexGrid_11060,1.0
HexGrid_11061,1.0
HexGrid_11062,1.0
HexGrid_11063,1.0
HexGrid_11064,1.0
HexGrid_11065,1.0
HexGrid_11066,1.2296650717703348
HexGrid_11067,1.2296650717703348
HexGrid_11068,1.2566844919786098
HexGrid_11069,1.0
HexGrid_11070,1.0501567398119123
HexGrid_11071,1.0661157024793388
HexGrid_11072,1.0
HexGrid_11073,1.0
HexGrid_11074,1.0
HexGrid_11075,1.0
HexGrid_11076,1.0
HexGrid_11077,1.0
HexGrid_11078,1.0
HexGrid_11079,1.0
HexGrid_11080,1.0
HexGrid_11081,1.0
HexGrid_11082,1.0
HexGrid_11083,1.0
HexGrid_11084,1.0
HexGrid_11085,1.0
HexGrid_11086,1.0581818181818181
HexGrid_11087,1.055944055944056
HexGrid_11088,1.0
HexGrid_11089,1.0
HexGrid_11090,1.0
HexGrid_11091,1.0
HexGrid_11092,1.0
HexGrid_11093,1.0
HexGrid_11094,1.0
HexGrid_11095,1.0
HexGrid_11096,1.0
HexGrid_11097,1.0
HexGrid_11098,1.0
HexGrid_11099,1.0
HexGrid_11100,1.0909090909090908
HexGrid_11101,1.0
HexGrid_11102,1.0
HexGrid_11103,1.0
HexGrid_11104,1.0
HexGrid_11105,1.0
HexGrid_11106,1.0
HexGrid_11107,1.0
HexGrid_11108,1.0
HexGrid_11109,1.0
HexGrid_11110,1.0
HexGrid_11111,1.0
HexGrid_11112,1.0
HexGrid_11113,1.0
HexGrid_11114,1.0
HexGrid_11115,1.0
HexGrid_11116,1.0
HexGrid_11117,1.0372960372960374
HexGrid_11118,1.0
HexGrid_11119,1.0
HexGrid_11120,1.0
HexGrid_11121,1.0
HexGrid_11122,1.0
HexGrid_11123,1.0
HexGrid_11124,1.0727272727272728
HexGrid_11125,1.0
HexGrid_11126,1.076555023923445
HexGrid_11127,1.0
HexGrid_11128,1.0
HexGrid_11129,1.0
HexGrid_11130,1.0
HexGrid_11131,1.0
HexGrid_11132,1.0
HexGrid_11133,1.0
HexGrid_11134,1.0
HexGrid_11135,1.0606060606060606
HexGrid_11136,1.0909090909090908
HexGrid_11137,1.0
HexGrid_11138,1.0
HexGrid_11139,1.0
HexGrid_11140,1.0
HexGrid_11141,1.0
HexGrid_11142,1.0
HexGrid_11143,1.0
HexGrid_11144,1.0
HexGrid_11145,1.0
HexGrid_11146,1.096969696969697
HexGrid_11147,1.1118881118881119
HexGrid_11148,1.0
HexGrid_11149,1.0
HexGrid_11150,1.0
HexGrid_11151,1.0
HexGrid_11152,1.0
HexGrid_11153,1.0
HexGrid_11154,1.0
HexGrid_11155,1.0
HexGrid_11156,1.0
HexGrid_11157,1.0
HexGrid_11158,1.0
HexGrid_11159,1.0
HexGrid_11160,1.0
HexGrid_11161,1.0
HexGrid_11162,1.0
HexGrid_11163,1.0
HexGrid_11164,1.0
HexGrid_11165,1.0
HexGrid_11166,1.0
HexGrid_11167,1.0
HexGrid_11168,1.0
HexGrid_11169,1.0
HexGrid_11170,1.0
HexGrid_11171,1.0
HexGrid_11172,1.0
HexGrid_11173,1.0
HexGrid_11174,1.0
HexGrid_11175,1.0
HexGrid_11176,1.0
HexGrid_11177,1.0
HexGrid_11178,1.0
HexGrid_11179,1.0
HexGrid_11180,1.0
HexGrid_11181,1.0
HexGrid_11182,1.0
HexGrid_11183,1.0
HexGrid_11184,1.0
HexGrid_11185,1.0
HexGrid_11186,1.0
HexGrid_11187,1.0
HexGrid_11188,1.0
HexGrid_11189,1.0
HexGrid_11190,1.0
HexGrid_11191,1.0
HexGrid_11192,1.0
HexGrid_11193,1.0
HexGrid_11194,1.0
HexGrid_11195,1.0
HexGrid_11196,1.0
HexGrid_11197,1.0
HexGrid_11198,1.0
HexGrid_11199,1.0
HexGrid_11200,1.0
HexGrid_11201,1.0
HexGrid_11202,1.0
HexGrid_11203,1.0
HexGrid_11204,1.0
HexGrid_11205,1.0
HexGrid_11206,1.0
HexGrid_11207,1.0
HexGrid_11208,1.0
HexGrid_11209,1.0
HexGrid_11210,1.0
HexGrid_11211,1.0
HexGrid_11212,1.0
HexGrid_11213,1.0
HexGrid_11214,1.0
HexGrid_11215,1.0
HexGrid_11216,1.0
HexGrid_11217,1.0
HexGrid_11218,1.0
HexGrid_11219,1.0
HexGrid_11220,1.0
HexGrid_11221,1.0
HexGrid_11222,1.0
HexGrid_11223,1.0
HexGrid_11224,1.0
HexGrid_11225,1.0
HexGrid_11226,1.0
HexGrid_11227,1.0
HexGrid_11228,1.0
HexGrid_11229,1.0
HexGrid_11230,1.0
HexGrid_11231,1.0
HexGrid_11232,1.0
HexGrid_11233,1.0
HexGrid_11234,1.0
HexGrid_11235,1.0
HexGrid_11236,1.0
HexGrid_11237,1.0
HexGrid_11238,1.0
HexGrid_11239,1.0
HexGrid_11240,1.0
HexGrid_11241,1.0
HexGrid_11242,1.0
HexGrid_11243,1.0
HexGrid_11244,1.0
HexGrid_11245,1.0
HexGrid_11246,1.0
HexGrid_11247,1.0
HexGrid_11248,1.0
HexGrid_11249,1.0
HexGrid_11250,1.0
HexGrid_11251,1.0
HexGrid_11252,1.0
HexGrid_11253,1.0
HexGrid_11254,1.0
HexGrid_11255,1.0
HexGrid_11256,1.0
HexGrid_11257,1.0
HexGrid_11258,1.0
HexGrid_11259,1.0
HexGrid_11260,1.0
HexGrid_11261,1.0
HexGrid_11262,1.0
HexGrid_11263,1.0
HexGrid_11264,1.0
HexGrid_11265,1.0
HexGrid_11266,1.0
HexGrid_11267,1.0
HexGrid_11268,1.0
HexGrid_11269,1.0
HexGrid_11270,1.0
HexGrid_11271,1.0
HexGrid_11272,1.0
HexGrid_11273,1.0
HexGrid_11274,1.0
HexGrid_11275,1.0
HexGrid_11276,1.0
HexGrid_11277,1.0
HexGrid_11278,1.0
HexGrid_11279,1.0
HexGrid_11280,1.0
HexGrid_11281,1.0
HexGrid_11282,1.0
HexGrid_11283,1.0
HexGrid_11284,1.0
HexGrid_11285,1.0
HexGrid_11286,1.0
HexGrid_11287,1.0
HexGrid_11288,1.0
HexGrid_11289,1.0
HexGrid_11290,1.0
HexGrid_11291,1.0
HexGrid_11292,1.0
HexGrid_11293,1.0
HexGrid_11294,1.0
HexGrid_11295,1.0
HexGrid_11296,1.0
HexGrid_11297,1.0
HexGrid_11298,1.0
HexGrid_11299,1.0
HexGrid_11300,1.0
HexGrid_11301,1.0
HexGrid_11302,1.3636363636363638
HexGrid_11303,1.3636363636363638
HexGrid_11304,1.0
HexGrid_11305,1.0
HexGrid_11306,1.2077922077922079
HexGrid_11307,1.1818181818181819
HexGrid_11308,1.1939393939393939
HexGrid_11309,1.2237762237762237
HexGrid_11310,1.2077922077922079
HexGrid_11311,1.0
HexGrid_11312,1.0
HexGrid_11313,1.290909090909091
HexGrid_11314,1.2424242424242424
HexGrid_11315,1.2644628099173554
HexGrid_11316,1.2077922077922079
HexGrid_11317,1.1322314049586777
HexGrid_11318,1.0
HexGrid_11319,1.0
HexGrid_11320,1.0
HexGrid_11321,1.0
HexGrid_11322,1.0
HexGrid_11323,1.0
HexGrid_11324,1.0
HexGrid_11325,1.290909090909091
HexGrid_11326,1.1454545454545455
HexGrid_11327,1.1939393939393939
HexGrid_11328,1.2644628099173554
HexGrid_11329,1.1454545454545455
HexGrid_11330,1.0
HexGrid_11331,1.0
HexGrid_11332,1.0
HexGrid_11333,1.0
HexGrid_11334,1.0
HexGrid_11335,1.0
HexGrid_11336,1.0
HexGrid_11337,1.0
HexGrid_11338,1.1454545454545455
HexGrid_11339,1.2077922077922079
HexGrid_11340,1.1322314049586777
HexGrid_11341,1.2424242424242424
HexGrid_11342,1.2424242424242424
HexGrid_11343,1.2077922077922079
HexGrid_11344,1.2424242424242424
HexGrid_11345,1.0
HexGrid_11346,1.0
HexGrid_11347,1.0
HexGrid_11348,1.0
HexGrid_11349,1.0
HexGrid_11350,1.0
HexGrid_11351,1.0
HexGrid_11352,1.0
HexGrid_11353,1.0
HexGrid_11354,1.1454545454545455
HexGrid_11355,1.0
HexGrid_11356,1.1322314049586777
HexGrid_11357,1.3636363636363638
HexGrid_11358,1.1454545454545455
HexGrid_11359,1.2077922077922079
HexGrid_11360,1.0
HexGrid_11361,1.0
HexGrid_11362,1.0
HexGrid_11363,1.0
HexGrid_11364,1.0
HexGrid_11365,1.0
HexGrid_11366,1.0
HexGrid_11367,1.0
HexGrid_11368,1.0
HexGrid_11369,1.0
HexGrid_11370,1.0
HexGrid_11371,1.0
HexGrid_11372,1.0
HexGrid_11373,1.0
HexGrid_11374,1.0
HexGrid_11375,1.0
HexGrid_11376,1.0
HexGrid_11377,1.0
HexGrid_11378,1.0
HexGrid_11379,1.0
HexGrid_11380,1.0
HexGrid_11381,1.0
HexGrid_11382,1.0
HexGrid_11383,1.0
HexGrid_11384,1.0
HexGrid_11385,1.0
HexGrid_11386,1.0
HexGrid_11387,1.0
HexGrid_11388,1.0
HexGrid_11389,1.0
HexGrid_11390,1.0
HexGrid_11391,1.0
HexGrid_11392,1.0
HexGrid_11393,1.0
HexGrid_11394,1.0
HexGrid_11395,1.0
HexGrid_11396,1.0
HexGrid_11397,1.0
HexGrid_11398,1.0
HexGrid_11399,1.0
HexGrid_11400,1.0
HexGrid_11401,1.0
HexGrid_11402,1.0
HexGrid_11403,1.0
HexGrid_11404,1.0
HexGrid_11405,1.0
HexGrid_11406,1.0
HexGrid_11407,1.0
HexGrid_11408,1.0
HexGrid_11409,1.0
HexGrid_11410,1.0
HexGrid_11411,1.0
HexGrid_11412,1.0
HexGrid_11413,1.0
HexGrid_11414,1.0
HexGrid_11415,1.0
HexGrid_11416,1.0
HexGrid_11417,1.0
HexGrid_11418,1.0
HexGrid_11419,1.0
HexGrid_11420,1.0
HexGrid_11421,1.0
HexGrid_11422,1.0
HexGrid_11423,1.0
HexGrid_11424,1.0
HexGrid_11425,1.0
HexGrid_11426,1.0
HexGrid_11427,1.0
HexGrid_11428,1.0
HexGrid_11429,1.0
HexGrid_11430,1.0
HexGrid_11431,1.0
HexGrid_11432,1.0
HexGrid_11433,1.0
HexGrid_11434,1.0
HexGrid_11435,1.0
HexGrid_11436,1.0
HexGrid_11437,1.0
HexGrid_11438,1.0
HexGrid_11439,1.0
HexGrid_11440,1.0
HexGrid_11441,1.0
HexGrid_11442,1.0
HexGrid_11443,1.0
HexGrid_11444,1.0
HexGrid_11445,1.0
HexGrid_11446,1.0
HexGrid_11447,1.0
HexGrid_11448,1.0
HexGrid_11449,1.0
HexGrid_11450,1.0
HexGrid_11451,1.0
HexGrid_11452,1.0
HexGrid_11453,1.0
HexGrid_11454,1.0
HexGrid_11455,1.0
HexGrid_11456,1.0
HexGrid_11457,1.0
HexGrid_11458,1.0
HexGrid_11459,1.0
HexGrid_11460,1.0
HexGrid_11461,1.0
HexGrid_11462,1.0
HexGrid_11463,1.0
HexGrid_11464,1.0
HexGrid_11465,1.0
HexGrid_11466,1.0
HexGrid_11467,1.0
HexGrid_11468,1.0
HexGrid_11469,1.0
HexGrid_11470,1.0
HexGrid_11471,1.0
HexGrid_11472,1.0
HexGrid_11473,1.0
HexGrid_11474,1.0
HexGrid_11475,1.0
HexGrid_11476,1.0
HexGrid_11477,1.0
HexGrid_11478,1.0
HexGrid_11479,1.0
HexGrid_11480,1.0
HexGrid_11481,1.0
HexGrid_11482,1.0
HexGrid_11483,1.0
HexGrid_11484,1.0
HexGrid_11485,1.0
HexGrid_11486,1.0
HexGrid_11487,1.0
HexGrid_11488,1.0
HexGrid_11489,1.0
HexGrid_11490,1.0
HexGrid_11491,1.0
HexGrid_11492,1.0
HexGrid_11493,1.0
HexGrid_11494,1.0
HexGrid_11495,1.0
HexGrid_11496,1.0
HexGrid_11497,1.0
HexGrid_11498,1.0
HexGrid_11499,1.0
HexGrid_11500,1.0
HexGrid_11501,1.0
HexGrid_11502,1.0
HexGrid_11503,1.0
HexGrid_11504,1.0
HexGrid_11505,1.0
HexGrid_11506,1.0
HexGrid_11507,1.0
HexGrid_11508,1.0
HexGrid_11509,1.0
HexGrid_11510,1.0
HexGrid_11511,1.0
HexGrid_11512,1.0
HexGrid_11513,1.0
HexGrid_11514,1.0
HexGrid_11515,1.0
HexGrid_11516,1.0
HexGrid_11517,1.0
HexGrid_11518,1.0
HexGrid_11519,1.0
HexGrid_11520,1.0
HexGrid_11521,1.0
HexGrid_11522,1.0
HexGrid_11523,1.0
HexGrid_11524,1.0
HexGrid_11525,1.0
HexGrid_11526,1.0
HexGrid_11527,1.0
HexGrid_11528,1.0
HexGrid_11529,1.0
HexGrid_11530,1.0
HexGrid_11531,1.0
HexGrid_11532,1.0
HexGrid_11533,1.0
HexGrid_11534,1.0
HexGrid_11535,1.0
HexGrid_11536,1.0
HexGrid_11537,1.0
HexGrid_11538,1.0
HexGrid_11539,1.0
HexGrid_11540,1.0
HexGrid_11541,1.0
HexGrid_11542,1.0
HexGrid_11543,1.0
HexGrid_11544,1.0
HexGrid_11545,1.0
HexGrid_11546,1.0
HexGrid_11547,1.0
HexGrid_11548,1.0
HexGrid_11549,1.0
HexGrid_11550,1.0
HexGrid_11551,1.0
HexGrid_11552,1.0
HexGrid_11553,1.0
HexGrid_11554,1.0
HexGrid_11555,1.0
HexGrid_11556,1.0
HexGrid_11557,1.0
HexGrid_11558,1.0
HexGrid_11559,1.0
HexGrid_11560,1.0
HexGrid_11561,1.0
HexGrid_11562,1.0
HexGrid_11563,1.0
HexGrid_11564,1.0
HexGrid_11565,1.0
HexGrid_11566,1.0
HexGrid_11567,1.0
HexGrid_11568,1.0
HexGrid_11569,1.0
HexGrid_11570,1.0
HexGrid_11571,1.0
HexGrid_11572,1.0
HexGrid_11573,1.0
HexGrid_11574,1.0
HexGrid_11575,1.0
HexGrid_11576,1.0
HexGrid_11577,1.0
HexGrid_11578,1.0
HexGrid_11579,1.0
HexGrid_11580,1.0
HexGrid_11581,1.0
HexGrid_11582,1.0
HexGrid_11583,1.0
HexGrid_11584,1.0
HexGrid_11585,1.0
HexGrid_11586,1.0
HexGrid_11587,1.0
HexGrid_11588,1.0
HexGrid_11589,1.0
HexGrid_11590,1.0
HexGrid_11591,1.0
HexGrid_11592,1.0
HexGrid_11593,1.0
HexGrid_11594,1.0
HexGrid_11595,1.0
HexGrid_11596,1.0
HexGrid_11597,1.0
HexGrid_11598,1.0
HexGrid_11599,1.0
HexGrid_11600,1.0
HexGrid_11601,1.0
HexGrid_11602,1.0
HexGrid_11603,1.0
HexGrid_11604,1.0
HexGrid_11605,1.0
HexGrid_11606,1.0
HexGrid_11607,1.0
HexGrid_11608,1.0
HexGrid_11609,1.0
HexGrid_11610,1.0
HexGrid_11611,1.0
HexGrid_11612,1.0
HexGrid_11613,1.0
HexGrid_11614,1.0
HexGrid_11615,1.0
HexGrid_11616,1.0
HexGrid_11617,1.0
HexGrid_11618,1.0
HexGrid_11619,1.0
HexGrid_11620,1.0
HexGrid_11621,1.0
HexGrid_11622,1.0
HexGrid_11623,1.0
HexGrid_11624,1.0
HexGrid_11625,1.0
HexGrid_11626,1.0
HexGrid_11627,1.0
HexGrid_11628,1.0
HexGrid_11629,1.0
HexGrid_11630,1.0
HexGrid_11631,1.0
HexGrid_11632,1.0
HexGrid_11633,1.0
HexGrid_11634,1.0
HexGrid_11635,1.0
HexGrid_11636,1.0
HexGrid_11637,1.0
HexGrid_11638,1.0
HexGrid_11639,1.0
HexGrid_11640,1.0
HexGrid_11641,1.0
HexGrid_11642,1.0
HexGrid_11643,1.0
HexGrid_11644,1.0
HexGrid_11645,1.1818181818181819
HexGrid_11646,1.0
HexGrid_11647,1.0
HexGrid_11648,1.0
HexGrid_11649,1.0
HexGrid_11650,1.0
HexGrid_11651,1.0
HexGrid_11652,1.0
HexGrid_11653,1.0
HexGrid_11654,1.1118881118881119
HexGrid_11655,1.0
HexGrid_11656,1.0
HexGrid_11657,1.0
HexGrid_11658,1.0
HexGrid_11659,1.0
HexGrid_11660,1.0
HexGrid_11661,1.0
HexGrid_11662,1.0661157024793388
HexGrid_11663,1.103896103896104
HexGrid_11664,1.1454545454545455
HexGrid_11665,1.0
HexGrid_11666,1.0
HexGrid_11667,1.0
HexGrid_11668,1.0
HexGrid_11669,1.0
HexGrid_11670,1.0
HexGrid_11671,1.0
HexGrid_11672,1.1003134796238245
HexGrid_11673,1.0786240786240786
HexGrid_11674,1.3636363636363638
HexGrid_11675,1.1322314049586777
HexGrid_11676,1.1616161616161615
HexGrid_11677,1.2644628099173554
HexGrid_11678,1.1818181818181819
HexGrid_11679,1.1818181818181819
HexGrid_11680,1.0
HexGrid_11681,1.0
HexGrid_11682,1.0
HexGrid_11683,1.0
HexGrid_11684,1.0909090909090908
HexGrid_11685,1.1454545454545455
HexGrid_11686,1.2077922077922079
HexGrid_11687,1.2644628099173554
HexGrid_11688,1.1322314049586777
HexGrid_11689,1.2424242424242424
HexGrid_11690,1.1322314049586777
HexGrid_11691,1.0
HexGrid_11692,1.0
HexGrid_11693,1.0
HexGrid_11694,1.290909090909091
HexGrid_11695,1.0
HexGrid_11696,1.121212121212121
HexGrid_11697,1.1818181818181819
HexGrid_11698,1.2237762237762237
HexGrid_11699,1.2237762237762237
HexGrid_11700,1.2424242424242424
HexGrid_11701,1.0
HexGrid_11702,1.0
HexGrid_11703,1.0
HexGrid_11704,1.0
HexGrid_11705,1.0
HexGrid_11706,1.0
HexGrid_11707,1.0
HexGrid_11708,1.2644628099173554
HexGrid_11709,1.2077922077922079
HexGrid_11710,1.2644628099173554
HexGrid_11711,1.0
HexGrid_11712,1.0
HexGrid_11713,1.0
HexGrid_11714,1.0
HexGrid_11715,1.0
HexGrid_11716,1.0
HexGrid_11717,1.0
HexGrid_11718,1.0
HexGrid_11719,1.1616161616161615
HexGrid_11720,1.290909090909091
HexGrid_11721,1.0
HexGrid_11722,1.0
HexGrid_11723,1.0
HexGrid_11724,1.0
HexGrid_11725,1.2644628099173554
HexGrid_11726,1.0
HexGrid_11727,1.0
HexGrid_11728,1.0
HexGrid_11729,1.1322314049586777
HexGrid_11730,1.0
HexGrid_11731,1.0
HexGrid_11732,1.0
HexGrid_11733,1.1818181818181819
HexGrid_11734,1.0
HexGrid_11735,1.0
HexGrid_11736,1.1616161616161615
HexGrid_11737,1.2424242424242424
HexGrid_11738,1.2424242424242424
HexGrid_11739,1.0
HexGrid_11740,1.1616161616161615
HexGrid_11741,1.1939393939393939
HexGrid_11742,1.2424242424242424
HexGrid_11743,1.2237762237762237
HexGrid_11744,1.0
HexGrid_11745,1.0
HexGrid_11746,1.1454545454545455
HexGrid_11747,1.2424242424242424
HexGrid_11748,1.1322314049586777
HexGrid_11749,1.2077922077922079
HexGrid_11750,1.1818181818181819
HexGrid_11751,1.1454545454545455
HexGrid_11752,1.2424242424242424
HexGrid_11753,1.1454545454545455
HexGrid_11754,1.2424242424242424
HexGrid_11755,1.1454545454545455
HexGrid_11756,1.2237762237762237
HexGrid_11757,1.1454545454545455
HexGrid_11758,1.0
HexGrid_11759,1.3636363636363638
HexGrid_11760,1.2644628099173554
HexGrid_11761,1.2424242424242424
HexGrid_11762,1.1454545454545455
HexGrid_11763,1.0
HexGrid_11764,1.1118881118881119
HexGrid_11765,1.121212121212121
HexGrid_11766,1.1322314049586777
HexGrid_11767,1.0
HexGrid_11768,1.3636363636363638
HexGrid_11769,1.1454545454545455
HexGrid_11770,1.0
HexGrid_11771,1.0
HexGrid_11772,1.0
HexGrid_11773,1.0
HexGrid_11774,1.0
HexGrid_11775,1.0
HexGrid_11776,1.1818181818181819
HexGrid_11777,1.0
HexGrid_11778,1.4848484848484849
HexGrid_11779,1.0
HexGrid_11780,1.2424242424242424
HexGrid_11781,1.0
HexGrid_11782,1.0
HexGrid_11783,1.0
HexGrid_11784,1.0
HexGrid_11785,1.0
HexGrid_11786,1.1454545454545455
HexGrid_11787,1.1322314049586777
HexGrid_11788,1.4848484848484849
HexGrid_11789,1.3636363636363638
HexGrid_11790,1.0
HexGrid_11791,1.0
HexGrid_11792,1.3636363636363638
HexGrid_11793,1.1818181818181819
HexGrid_11794,1.0
HexGrid_11795,1.0
HexGrid_11796,1.0
HexGrid_11797,1.0
HexGrid_11798,1.0
HexGrid_11799,1.0
HexGrid_11800,1.096969696969697
HexGrid_11801,1.1454545454545455
HexGrid_11802,1.0
HexGrid_11803,1.096969696969697
HexGrid_11804,1.0
HexGrid_11805,1.3636363636363638
HexGrid_11806,1.0
HexGrid_11807,1.0
HexGrid_11808,1.0
HexGrid_11809,1.0
HexGrid_11810,1.0
HexGrid_11811,1.0
HexGrid_11812,1.0
HexGrid_11813,1.1283422459893049
HexGrid_11814,1.1818181818181819
HexGrid_11815,1.0
HexGrid_11816,1.581818181818182
HexGrid_11817,1.5133689839572193
HexGrid_11818,1.0
HexGrid_11819,1.0
HexGrid_11820,1.0
HexGrid_11821,1.0
HexGrid_11822,1.0
HexGrid_11823,1.0
HexGrid_11824,1.0
HexGrid_11825,1.0
HexGrid_11826,1.0
HexGrid_11827,1.1148325358851674
HexGrid_11828,1.1118881118881119
HexGrid_11829,1.4848484848484849
HexGrid_11830,1.0
HexGrid_11831,1.0
HexGrid_11832,1.0
HexGrid_11833,1.0
HexGrid_11834,1.0
HexGrid_11835,1.0
HexGrid_11836,1.0
HexGrid_11837,1.0
HexGrid_11838,1.0
HexGrid_11839,1.0
HexGrid_11840,1.0
HexGrid_11841,1.0
HexGrid_11842,1.1148325358851674
HexGrid_11843,1.1711229946524064
HexGrid_11844,1.1818181818181819
HexGrid_11845,1.4848484848484849
HexGrid_11846,1.4848484848484849
HexGrid_11847,1.0
HexGrid_11848,1.0
HexGrid_11849,1.0
HexGrid_11850,1.0
HexGrid_11851,1.0
HexGrid_11852,1.0
HexGrid_11853,1.0
HexGrid_11854,1.0
HexGrid_11855,1.0
HexGrid_11856,1.0
HexGrid_11857,1.0
HexGrid_11858,1.0
HexGrid_11859,1.0
HexGrid_11860,1.0
HexGrid_11861,1.0
HexGrid_11862,1.0
HexGrid_11863,1.0
HexGrid_11864,1.1454545454545455
HexGrid_11865,1.0
HexGrid_11866,1.2529644268774702
HexGrid_11867,1.0
HexGrid_11868,1.0
HexGrid_11869,1.0
HexGrid_11870,1.0309477756286267
HexGrid_11871,1.0
HexGrid_11872,1.0186480186480187
HexGrid_11873,1.130257801899593
HexGrid_11874,1.121212121212121
HexGrid_11875,1.0
HexGrid_11876,1.0
HexGrid_11877,1.3636363636363638
HexGrid_11878,1.4848484848484849
HexGrid_11879,1.0
HexGrid_11880,1.0
HexGrid_11881,1.0
HexGrid_11882,1.0
HexGrid_11883,1.0
HexGrid_11884,1.0
HexGrid_11885,1.0
HexGrid_11886,1.0
HexGrid_11887,1.0
HexGrid_11888,1.0
HexGrid_11889,1.0
HexGrid_11890,1.0
HexGrid_11891,1.0
HexGrid_11892,1.0
HexGrid_11893,1.0
HexGrid_11894,1.0
HexGrid_11895,1.0
HexGrid_11896,1.0
HexGrid_11897,1.2077922077922079
HexGrid_11898,1.1531100478468899
HexGrid_11899,1.1818181818181819
HexGrid_11900,1.2077922077922079
HexGrid_11901,1.3636363636363638
HexGrid_11902,1.0
HexGrid_11903,1.1118881118881119
HexGrid_11904,1.0
HexGrid_11905,1.0
HexGrid_11906,1.0
HexGrid_11907,1.0
HexGrid_11908,1.0786240786240786
HexGrid_11909,1.0909090909090908
HexGrid_11910,1.0
HexGrid_11911,1.0
HexGrid_11912,1.4363636363636363
HexGrid_11913,1.581818181818182
HexGrid_11914,1.290909090909091
HexGrid_11915,1.0
HexGrid_11916,1.0
HexGrid_11917,1.0
HexGrid_11918,1.0
HexGrid_11919,1.0
HexGrid_11920,1.0
HexGrid_11921,1.0
HexGrid_11922,1.0
HexGrid_11923,1.0
HexGrid_11924,1.0
HexGrid_11925,1.0
HexGrid_11926,1.0
HexGrid_11927,1.0
HexGrid_11928,1.0
HexGrid_11929,1.0
HexGrid_11930,1.0
HexGrid_11931,1.1616161616161615
HexGrid_11932,1.2237762237762237
HexGrid_11933,1.3636363636363638
HexGrid_11934,1.1118881118881119
HexGrid_11935,1.0
HexGrid_11936,1.0
HexGrid_11937,1.0
HexGrid_11938,1.0
HexGrid_11939,1.1385281385281385
HexGrid_11940,1.103896103896104
HexGrid_11941,1.0
HexGrid_11942,1.3636363636363638
HexGrid_11943,1.4848484848484849
HexGrid_11944,1.290909090909091
HexGrid_11945,1.0
HexGrid_11946,1.1616161616161615
HexGrid_11947,1.2424242424242424
HexGrid_11948,1.2170963364993215
HexGrid_11949,1.2006269592476488
HexGrid_11950,1.0632411067193677
HexGrid_11951,1.0
HexGrid_11952,1.0
HexGrid_11953,1.0
HexGrid_11954,1.0
HexGrid_11955,1.0
HexGrid_11956,1.0
HexGrid_11957,1.0
HexGrid_11958,1.0
HexGrid_11959,1.0
HexGrid_11960,1.0
HexGrid_11961,1.1616161616161615
HexGrid_11962,1.0
HexGrid_11963,1.167832167832168
HexGrid_11964,1.0
HexGrid_11965,1.0
HexGrid_11966,1.0
HexGrid_11967,1.0
HexGrid_11968,1.290909090909091
HexGrid_11969,1.2424242424242424
HexGrid_11970,1.2237762237762237
HexGrid_11971,1.0
HexGrid_11972,1.0
HexGrid_11973,1.0
HexGrid_11974,1.0
HexGrid_11975,1.3636363636363638
HexGrid_11976,1.290909090909091
HexGrid_11977,1.2296650717703348
HexGrid_11978,1.2424242424242424
HexGrid_11979,1.2327272727272727
HexGrid_11980,1.2424242424242424
HexGrid_11981,1.202020202020202
HexGrid_11982,1.1322314049586777
HexGrid_11983,1.0909090909090908
HexGrid_11984,1.0
HexGrid_11985,1.055944055944056
HexGrid_11986,1.0
HexGrid_11987,1.0
HexGrid_11988,1.0
HexGrid_11989,1.0
HexGrid_11990,1.0
HexGrid_11991,1.0
HexGrid_11992,1.0
HexGrid_11993,1.0
HexGrid_11994,1.0
HexGrid_11995,1.0
HexGrid_11996,1.0
HexGrid_11997,1.290909090909091
HexGrid_11998,1.2077922077922079
HexGrid_11999,1.1818181818181819
HexGrid_12000,1.0
HexGrid_12001,1.0
HexGrid_12002,1.4848484848484849
HexGrid_12003,1.3636363636363638
HexGrid_12004,1.3636363636363638
HexGrid_12005,1.7272727272727273
HexGrid_12006,1.0
HexGrid_12007,1.0
HexGrid_12008,1.1818181818181819
HexGrid_12009,1.2296650717703348
HexGrid_12010,1.290909090909091
HexGrid_12011,1.1851239669421487
HexGrid_12012,1.0843214756258235
HexGrid_12013,1.1590909090909092
HexGrid_12014,1.103896103896104
HexGrid_12015,1.121212121212121
HexGrid_12016,1.0
HexGrid_12017,1.0
HexGrid_12018,1.0
HexGrid_12019,1.0
HexGrid_12020,1.0
HexGrid_12021,1.0
HexGrid_12022,1.0
HexGrid_12023,1.0
HexGrid_12024,1.0
HexGrid_12025,1.0
HexGrid_12026,1.0
HexGrid_12027,1.0
HexGrid_12028,1.3636363636363638
HexGrid_12029,1.0
HexGrid_12030,1.2424242424242424
HexGrid_12031,1.2424242424242424
HexGrid_12032,1.2237762237762237
HexGrid_12033,1.0
HexGrid_12034,1.0
HexGrid_12035,1.4848484848484849
HexGrid_12036,1.4848484848484849
HexGrid_12037,1.4545454545454546
HexGrid_12038,1.3636363636363638
HexGrid_12039,1.4545454545454546
HexGrid_12040,1.0
HexGrid_12041,1.4848484848484849
HexGrid_12042,1.4155844155844155
HexGrid_12043,1.323232323232323
HexGrid_12044,1.0909090909090908
HexGrid_12045,1.0661157024793388
HexGrid_12046,1.0831168831168831
HexGrid_12047,1.085561497326203
HexGrid_12048,1.0661157024793388
HexGrid_12049,1.0909090909090908
HexGrid_12050,1.0
HexGrid_12051,1.0
HexGrid_12052,1.0415584415584416
HexGrid_12053,1.0
HexGrid_12054,1.0
HexGrid_12055,1.0
HexGrid_12056,1.0
HexGrid_12057,1.0
HexGrid_12058,1.0
HexGrid_12059,1.0
HexGrid_12060,1.0
HexGrid_12061,1.0
HexGrid_12062,1.0
HexGrid_12063,1.0
HexGrid_12064,1.0
HexGrid_12065,1.4848484848484849
HexGrid_12066,1.1818181818181819
HexGrid_12067,1.2424242424242424
HexGrid_12068,1.1818181818181819
HexGrid_12069,1.2154882154882154
HexGrid_12070,1.2727272727272727
HexGrid_12071,1.0
HexGrid_12072,1.3636363636363638
HexGrid_12073,1.1322314049586777
HexGrid_12074,1.0
HexGrid_12075,1.0
HexGrid_12076,1.0
HexGrid_12077,1.0
HexGrid_12078,1.0
HexGrid_12079,1.0
HexGrid_12080,1.0
HexGrid_12081,1.0
HexGrid_12082,1.0692640692640694
HexGrid_12083,1.0566706021251475
HexGrid_12084,1.0632411067193677
HexGrid_12085,1.0
HexGrid_12086,1.0
HexGrid_12087,1.0692640692640694
HexGrid_12088,1.0382775119617225
HexGrid_12089,1.0
HexGrid_12090,1.0
HexGrid_12091,1.0
HexGrid_12092,1.0
HexGrid_12093,1.0
HexGrid_12094,1.0
HexGrid_12095,1.0
HexGrid_12096,1.0
HexGrid_12097,1.0
HexGrid_12098,1.0
HexGrid_12099,1.0
HexGrid_12100,1.0
HexGrid_12101,1.0
HexGrid_12102,1.0
HexGrid_12103,1.0
HexGrid_12104,1.121212121212121
HexGrid_12105,1.290909090909091
HexGrid_12106,1.0
HexGrid_12107,1.1616161616161615
HexGrid_12108,1.2424242424242424
HexGrid_12109,1.0
HexGrid_12110,1.0
HexGrid_12111,1.0
HexGrid_12112,1.0
HexGrid_12113,1.0
HexGrid_12114,1.0
HexGrid_12115,1.0
HexGrid_12116,1.0
HexGrid_12117,1.0
HexGrid_12118,1.0
HexGrid_12119,1.051948051948052
HexGrid_12120,1.0
HexGrid_12121,1.0661157024793388
HexGrid_12122,1.0404040404040404
HexGrid_12123,1.0538720538720538
HexGrid_12124,1.085561497326203
HexGrid_12125,1.0
HexGrid_12126,1.0
HexGrid_12127,1.0
HexGrid_12128,1.0
HexGrid_12129,1.0
HexGrid_12130,1.0
HexGrid_12131,1.0
HexGrid_12132,1.0
HexGrid_12133,1.0
HexGrid_12134,1.0
HexGrid_12135,1.0
HexGrid_12136,1.0
HexGrid_12137,1.2077922077922079
HexGrid_12138,1.290909090909091
HexGrid_12139,1.0
HexGrid_12140,1.0
HexGrid_12141,1.0
HexGrid_12142,1.0
HexGrid_12143,1.0
HexGrid_12144,1.0
HexGrid_12145,1.0
HexGrid_12146,1.0
HexGrid_12147,1.0
HexGrid_12148,1.0
HexGrid_12149,1.0
HexGrid_12150,1.103896103896104
HexGrid_12151,1.0
HexGrid_12152,1.0
HexGrid_12153,1.0808080808080809
HexGrid_12154,1.0354767184035476
HexGrid_12155,1.085561497326203
HexGrid_12156,1.0
HexGrid_12157,1.0
HexGrid_12158,1.0
HexGrid_12159,1.0
HexGrid_12160,1.0
HexGrid_12161,1.0
HexGrid_12162,1.0
HexGrid_12163,1.0
HexGrid_12164,1.0
HexGrid_12165,1.0
HexGrid_12166,1.0
HexGrid_12167,1.0
HexGrid_12168,1.0
HexGrid_12169,1.0
HexGrid_12170,1.0
HexGrid_12171,1.0
HexGrid_12172,1.0
HexGrid_12173,1.0
HexGrid_12174,1.0
HexGrid_12175,1.0
HexGrid_12176,1.1118881118881119
HexGrid_12177,1.1118881118881119
HexGrid_12178,1.103896103896104
HexGrid_12179,1.0
HexGrid_12180,1.121212121212121
HexGrid_12181,1.1454545454545455
HexGrid_12182,1.0
HexGrid_12183,1.0
HexGrid_12184,1.0
HexGrid_12185,1.0
HexGrid_12186,1.0
HexGrid_12187,1.0
HexGrid_12188,1.0
HexGrid_12189,1.0
HexGrid_12190,1.0
HexGrid_12191,1.0
HexGrid_12192,1.0
HexGrid_12193,1.0
HexGrid_12194,1.0
HexGrid_12195,1.0
HexGrid_12196,1.0
HexGrid_12197,1.096969696969697
HexGrid_12198,1.0501567398119123
HexGrid_12199,1.1140819964349375
HexGrid_12200,1.1163636363636364
HexGrid_12201,1.1385281385281385
HexGrid_12202,1.103896103896104
HexGrid_12203,1.0909090909090908
HexGrid_12204,1.0
HexGrid_12205,1.0
HexGrid_12206,1.0
HexGrid_12207,1.0
HexGrid_12208,1.0
HexGrid_12209,1.0
HexGrid_12210,1.0
HexGrid_12211,1.0
HexGrid_12212,1.0
HexGrid_12213,1.0
HexGrid_12214,1.0
HexGrid_12215,1.1085481682496607
HexGrid_12216,1.076555023923445
HexGrid_12217,1.0881542699724518
HexGrid_12218,1.103896103896104
HexGrid_12219,1.1014799154334038
HexGrid_12220,1.0
HexGrid_12221,1.0
HexGrid_12222,1.0
HexGrid_12223,1.0
HexGrid_12224,1.0
HexGrid_12225,1.0
HexGrid_12226,1.0
HexGrid_12227,1.0
HexGrid_12228,1.0
HexGrid_12229,1.085561497326203
HexGrid_12230,1.0
HexGrid_12231,1.0909090909090908
HexGrid_12232,1.0
HexGrid_12233,1.0
HexGrid_12234,1.0
HexGrid_12235,1.0
HexGrid_12236,1.0
HexGrid_12237,1.0
HexGrid_12238,1.0
HexGrid_12239,1.0
HexGrid_12240,1.0
HexGrid_12241,1.0
HexGrid_12242,1.0
HexGrid_12243,1.0
HexGrid_12244,1.0
HexGrid_12245,1.1264822134387351
HexGrid_12246,1.0909090909090908
HexGrid_12247,1.1454545454545455
HexGrid_12248,1.0
HexGrid_12249,1.0
HexGrid_12250,1.0
HexGrid_12251,1.0
HexGrid_12252,1.0
HexGrid_12253,1.0
HexGrid_12254,1.0
HexGrid_12255,1.0
HexGrid_12256,1.0
HexGrid_12257,1.0
HexGrid_12258,1.103896103896104
HexGrid_12259,1.121212121212121
HexGrid_12260,1.0
HexGrid_12261,1.0
HexGrid_12262,1.0
HexGrid_12263,1.0
HexGrid_12264,1.0
HexGrid_12265,1.0
HexGrid_12266,1.0
HexGrid_12267,1.0
HexGrid_12268,1.0
HexGrid_12269,1.0
HexGrid_12270,1.0
HexGrid_12271,1.0
HexGrid_12272,1.0
HexGrid_12273,1.0
HexGrid_12274,1.0
HexGrid_12275,1.0
HexGrid_12276,1.0
HexGrid_12277,1.0
HexGrid_12278,1.0
HexGrid_12279,1.0
HexGrid_12280,1.0
HexGrid_12281,1.0
HexGrid_12282,1.0
HexGrid_12283,1.0
HexGrid_12284,1.0
HexGrid_12285,1.0
HexGrid_12286,1.0
HexGrid_12287,1.0
